Region,Fuel,Year,Value,,Unit,Source,Updated at,Updated by
AT,H2,2018,11.999,,PJ,see assumptions.txt,22.01.2025,Konstantin Loffler <kl@wip.tu-berlin.de>
AT,H2,2021,11.999,,PJ,see assumptions.txt,22.01.2025,Konstantin Loffler <kl@wip.tu-berlin.de>
AT,H2,2025,11.999,,PJ,see assumptions.txt,22.01.2025,Konstantin Loffler <kl@wip.tu-berlin.de>
AT,H2,2030,18.784,,PJ,see assumptions.txt,22.01.2025,Konstantin Loffler <kl@wip.tu-berlin.de>
AT,H2,2035,18.784,,PJ,see assumptions.txt,22.01.2025,Konstantin Loffler <kl@wip.tu-berlin.de>
AT,H2,2040,27.914,,PJ,see assumptions.txt,22.01.2025,Konstantin Loffler <kl@wip.tu-berlin.de>
AT,H2,2045,27.914,,PJ,see assumptions.txt,22.01.2025,Konstantin Loffler <kl@wip.tu-berlin.de>
AT,H2,2050,39.167,,PJ,see assumptions.txt,22.01.2025,Konstantin Loffler <kl@wip.tu-berlin.de>
AT,H2,2055,39.167,,PJ,same as 2050 for now,29.01.2025,Nikita Moskalenko <nim@wip.tu-berlin.de>
AT,H2,2060,39.167,,PJ,same as 2050 for now,29.01.2025,Nikita Moskalenko <nim@wip.tu-berlin.de>
BE,H2,2018,46.795,,PJ,see assumptions.txt,22.01.2025,Konstantin Loffler <kl@wip.tu-berlin.de>
BE,H2,2021,46.795,,PJ,see assumptions.txt,22.01.2025,Konstantin Loffler <kl@wip.tu-berlin.de>
BE,H2,2025,46.795,,PJ,see assumptions.txt,22.01.2025,Konstantin Loffler <kl@wip.tu-berlin.de>
BE,H2,2030,83.429,,PJ,see assumptions.txt,22.01.2025,Konstantin Loffler <kl@wip.tu-berlin.de>
BE,H2,2035,83.429,,PJ,see assumptions.txt,22.01.2025,Konstantin Loffler <kl@wip.tu-berlin.de>
BE,H2,2040,133.398,,PJ,see assumptions.txt,22.01.2025,Konstantin Loffler <kl@wip.tu-berlin.de>
BE,H2,2045,133.398,,PJ,see assumptions.txt,22.01.2025,Konstantin Loffler <kl@wip.tu-berlin.de>
BE,H2,2050,195.341,,PJ,see assumptions.txt,22.01.2025,Konstantin Loffler <kl@wip.tu-berlin.de>
BE,H2,2055,195.341,,PJ,same as 2050 for now,29.01.2025,Nikita Moskalenko <nim@wip.tu-berlin.de>
BE,H2,2060,195.341,,PJ,same as 2050 for now,29.01.2025,Nikita Moskalenko <nim@wip.tu-berlin.de>
BG,H2,2018,0,,PJ,see assumptions.txt,22.01.2025,Konstantin Loffler <kl@wip.tu-berlin.de>
BG,H2,2021,0,,PJ,see assumptions.txt,22.01.2025,Konstantin Loffler <kl@wip.tu-berlin.de>
BG,H2,2025,0,,PJ,see assumptions.txt,22.01.2025,Konstantin Loffler <kl@wip.tu-berlin.de>
BG,H2,2030,3.51,,PJ,see assumptions.txt,22.01.2025,Konstantin Loffler <kl@wip.tu-berlin.de>
BG,H2,2035,3.51,,PJ,see assumptions.txt,22.01.2025,Konstantin Loffler <kl@wip.tu-berlin.de>
BG,H2,2040,9.308,,PJ,see assumptions.txt,22.01.2025,Konstantin Loffler <kl@wip.tu-berlin.de>
BG,H2,2045,9.308,,PJ,see assumptions.txt,22.01.2025,Konstantin Loffler <kl@wip.tu-berlin.de>
BG,H2,2050,15.177,,PJ,see assumptions.txt,22.01.2025,Konstantin Loffler <kl@wip.tu-berlin.de>
BG,H2,2055,15.177,,PJ,same as 2050 for now,29.01.2025,Nikita Moskalenko <nim@wip.tu-berlin.de>
BG,H2,2060,15.177,,PJ,same as 2050 for now,29.01.2025,Nikita Moskalenko <nim@wip.tu-berlin.de>
CH,H2,2018,2.4,,PJ,see assumptions.txt,22.01.2025,Konstantin Loffler <kl@wip.tu-berlin.de>
CH,H2,2021,2.4,,PJ,see assumptions.txt,22.01.2025,Konstantin Loffler <kl@wip.tu-berlin.de>
CH,H2,2025,2.4,,PJ,see assumptions.txt,22.01.2025,Konstantin Loffler <kl@wip.tu-berlin.de>
CH,H2,2030,2.4,,PJ,see assumptions.txt,22.01.2025,Konstantin Loffler <kl@wip.tu-berlin.de>
CH,H2,2035,2.4,,PJ,see assumptions.txt,22.01.2025,Konstantin Loffler <kl@wip.tu-berlin.de>
CH,H2,2040,2.4,,PJ,see assumptions.txt,22.01.2025,Konstantin Loffler <kl@wip.tu-berlin.de>
CH,H2,2045,2.4,,PJ,see assumptions.txt,22.01.2025,Konstantin Loffler <kl@wip.tu-berlin.de>
CH,H2,2050,2.4,,PJ,see assumptions.txt,22.01.2025,Konstantin Loffler <kl@wip.tu-berlin.de>
CH,H2,2055,2.4,,PJ,same as 2050 for now,29.01.2025,Nikita Moskalenko <nim@wip.tu-berlin.de>
CH,H2,2060,2.4,,PJ,same as 2050 for now,29.01.2025,Nikita Moskalenko <nim@wip.tu-berlin.de>
CZ,H2,2018,11.999,,PJ,see assumptions.txt,22.01.2025,Konstantin Loffler <kl@wip.tu-berlin.de>
CZ,H2,2021,11.999,,PJ,see assumptions.txt,22.01.2025,Konstantin Loffler <kl@wip.tu-berlin.de>
CZ,H2,2025,11.999,,PJ,see assumptions.txt,22.01.2025,Konstantin Loffler <kl@wip.tu-berlin.de>
CZ,H2,2030,21.313,,PJ,see assumptions.txt,22.01.2025,Konstantin Loffler <kl@wip.tu-berlin.de>
CZ,H2,2035,21.313,,PJ,see assumptions.txt,22.01.2025,Konstantin Loffler <kl@wip.tu-berlin.de>
CZ,H2,2040,36.422,,PJ,see assumptions.txt,22.01.2025,Konstantin Loffler <kl@wip.tu-berlin.de>
CZ,H2,2045,36.422,,PJ,see assumptions.txt,22.01.2025,Konstantin Loffler <kl@wip.tu-berlin.de>
CZ,H2,2050,52.695,,PJ,see assumptions.txt,22.01.2025,Konstantin Loffler <kl@wip.tu-berlin.de>
CZ,H2,2055,52.695,,PJ,same as 2050 for now,29.01.2025,Nikita Moskalenko <nim@wip.tu-berlin.de>
CZ,H2,2060,52.695,,PJ,same as 2050 for now,29.01.2025,Nikita Moskalenko <nim@wip.tu-berlin.de>
DE,H2,2018,209.979,,PJ,see assumptions.txt,22.01.2025,Konstantin Loffler <kl@wip.tu-berlin.de>
DE,H2,2021,209.979,,PJ,see assumptions.txt,22.01.2025,Konstantin Loffler <kl@wip.tu-berlin.de>
DE,H2,2025,209.979,,PJ,see assumptions.txt,22.01.2025,Konstantin Loffler <kl@wip.tu-berlin.de>
DE,H2,2030,270.539,,PJ,see assumptions.txt,22.01.2025,Konstantin Loffler <kl@wip.tu-berlin.de>
DE,H2,2035,270.539,,PJ,see assumptions.txt,22.01.2025,Konstantin Loffler <kl@wip.tu-berlin.de>
DE,H2,2040,375.033,,PJ,see assumptions.txt,22.01.2025,Konstantin Loffler <kl@wip.tu-berlin.de>
DE,H2,2045,375.033,,PJ,see assumptions.txt,22.01.2025,Konstantin Loffler <kl@wip.tu-berlin.de>
DE,H2,2050,502.93,,PJ,see assumptions.txt,22.01.2025,Konstantin Loffler <kl@wip.tu-berlin.de>
DE,H2,2055,502.93,,PJ,same as 2050 for now,29.01.2025,Nikita Moskalenko <nim@wip.tu-berlin.de>
DE,H2,2060,502.93,,PJ,same as 2050 for now,29.01.2025,Nikita Moskalenko <nim@wip.tu-berlin.de>
DK,H2,2018,3.6,,PJ,see assumptions.txt,22.01.2025,Konstantin Loffler <kl@wip.tu-berlin.de>
DK,H2,2021,3.6,,PJ,see assumptions.txt,22.01.2025,Konstantin Loffler <kl@wip.tu-berlin.de>
DK,H2,2025,3.6,,PJ,see assumptions.txt,22.01.2025,Konstantin Loffler <kl@wip.tu-berlin.de>
DK,H2,2030,4.048,,PJ,see assumptions.txt,22.01.2025,Konstantin Loffler <kl@wip.tu-berlin.de>
DK,H2,2035,4.048,,PJ,see assumptions.txt,22.01.2025,Konstantin Loffler <kl@wip.tu-berlin.de>
DK,H2,2040,4.905,,PJ,see assumptions.txt,22.01.2025,Konstantin Loffler <kl@wip.tu-berlin.de>
DK,H2,2045,4.905,,PJ,see assumptions.txt,22.01.2025,Konstantin Loffler <kl@wip.tu-berlin.de>
DK,H2,2050,6.149,,PJ,see assumptions.txt,22.01.2025,Konstantin Loffler <kl@wip.tu-berlin.de>
DK,H2,2055,6.149,,PJ,same as 2050 for now,29.01.2025,Nikita Moskalenko <nim@wip.tu-berlin.de>
DK,H2,2060,6.149,,PJ,same as 2050 for now,29.01.2025,Nikita Moskalenko <nim@wip.tu-berlin.de>
EE,H2,2018,0,,PJ,see assumptions.txt,22.01.2025,Konstantin Loffler <kl@wip.tu-berlin.de>
EE,H2,2021,0,,PJ,see assumptions.txt,22.01.2025,Konstantin Loffler <kl@wip.tu-berlin.de>
EE,H2,2025,0,,PJ,see assumptions.txt,22.01.2025,Konstantin Loffler <kl@wip.tu-berlin.de>
EE,H2,2030,0.396,,PJ,see assumptions.txt,22.01.2025,Konstantin Loffler <kl@wip.tu-berlin.de>
EE,H2,2035,0.396,,PJ,see assumptions.txt,22.01.2025,Konstantin Loffler <kl@wip.tu-berlin.de>
EE,H2,2040,0.922,,PJ,see assumptions.txt,22.01.2025,Konstantin Loffler <kl@wip.tu-berlin.de>
EE,H2,2045,0.922,,PJ,see assumptions.txt,22.01.2025,Konstantin Loffler <kl@wip.tu-berlin.de>
EE,H2,2050,1.622,,PJ,see assumptions.txt,22.01.2025,Konstantin Loffler <kl@wip.tu-berlin.de>
EE,H2,2055,1.622,,PJ,same as 2050 for now,29.01.2025,Nikita Moskalenko <nim@wip.tu-berlin.de>
EE,H2,2060,1.622,,PJ,same as 2050 for now,29.01.2025,Nikita Moskalenko <nim@wip.tu-berlin.de>
ES,H2,2018,72.593,,PJ,see assumptions.txt,22.01.2025,Konstantin Loffler <kl@wip.tu-berlin.de>
ES,H2,2021,72.593,,PJ,see assumptions.txt,22.01.2025,Konstantin Loffler <kl@wip.tu-berlin.de>
ES,H2,2025,72.593,,PJ,see assumptions.txt,22.01.2025,Konstantin Loffler <kl@wip.tu-berlin.de>
ES,H2,2030,72.593,,PJ,see assumptions.txt,22.01.2025,Konstantin Loffler <kl@wip.tu-berlin.de>
ES,H2,2035,72.593,,PJ,see assumptions.txt,22.01.2025,Konstantin Loffler <kl@wip.tu-berlin.de>
ES,H2,2040,73.651,,PJ,see assumptions.txt,22.01.2025,Konstantin Loffler <kl@wip.tu-berlin.de>
ES,H2,2045,73.651,,PJ,see assumptions.txt,22.01.2025,Konstantin Loffler <kl@wip.tu-berlin.de>
ES,H2,2050,92.933,,PJ,see assumptions.txt,22.01.2025,Konstantin Loffler <kl@wip.tu-berlin.de>
ES,H2,2055,92.933,,PJ,same as 2050 for now,29.01.2025,Nikita Moskalenko <nim@wip.tu-berlin.de>
ES,H2,2060,92.933,,PJ,same as 2050 for now,29.01.2025,Nikita Moskalenko <nim@wip.tu-berlin.de>
FI,H2,2018,22.198,,PJ,see assumptions.txt,22.01.2025,Konstantin Loffler <kl@wip.tu-berlin.de>
FI,H2,2021,22.198,,PJ,see assumptions.txt,22.01.2025,Konstantin Loffler <kl@wip.tu-berlin.de>
FI,H2,2025,22.198,,PJ,see assumptions.txt,22.01.2025,Konstantin Loffler <kl@wip.tu-berlin.de>
FI,H2,2030,22.198,,PJ,see assumptions.txt,22.01.2025,Konstantin Loffler <kl@wip.tu-berlin.de>
FI,H2,2035,22.198,,PJ,see assumptions.txt,22.01.2025,Konstantin Loffler <kl@wip.tu-berlin.de>
FI,H2,2040,36.795,,PJ,see assumptions.txt,22.01.2025,Konstantin Loffler <kl@wip.tu-berlin.de>
FI,H2,2045,36.795,,PJ,see assumptions.txt,22.01.2025,Konstantin Loffler <kl@wip.tu-berlin.de>
FI,H2,2050,62.04,,PJ,see assumptions.txt,22.01.2025,Konstantin Loffler <kl@wip.tu-berlin.de>
FI,H2,2055,62.04,,PJ,same as 2050 for now,29.01.2025,Nikita Moskalenko <nim@wip.tu-berlin.de>
FI,H2,2060,62.04,,PJ,same as 2050 for now,29.01.2025,Nikita Moskalenko <nim@wip.tu-berlin.de>
FR,H2,2018,68.993,,PJ,see assumptions.txt,22.01.2025,Konstantin Loffler <kl@wip.tu-berlin.de>
FR,H2,2021,68.993,,PJ,see assumptions.txt,22.01.2025,Konstantin Loffler <kl@wip.tu-berlin.de>
FR,H2,2025,68.993,,PJ,see assumptions.txt,22.01.2025,Konstantin Loffler <kl@wip.tu-berlin.de>
FR,H2,2030,73.734,,PJ,see assumptions.txt,22.01.2025,Konstantin Loffler <kl@wip.tu-berlin.de>
FR,H2,2035,73.734,,PJ,see assumptions.txt,22.01.2025,Konstantin Loffler <kl@wip.tu-berlin.de>
FR,H2,2040,106.271,,PJ,see assumptions.txt,22.01.2025,Konstantin Loffler <kl@wip.tu-berlin.de>
FR,H2,2045,106.271,,PJ,see assumptions.txt,22.01.2025,Konstantin Loffler <kl@wip.tu-berlin.de>
FR,H2,2050,184.806,,PJ,see assumptions.txt,22.01.2025,Konstantin Loffler <kl@wip.tu-berlin.de>
FR,H2,2055,184.806,,PJ,same as 2050 for now,29.01.2025,Nikita Moskalenko <nim@wip.tu-berlin.de>
FR,H2,2060,184.806,,PJ,same as 2050 for now,29.01.2025,Nikita Moskalenko <nim@wip.tu-berlin.de>
GR,H2,2018,37.196,,PJ,see assumptions.txt,22.01.2025,Konstantin Loffler <kl@wip.tu-berlin.de>
GR,H2,2021,37.196,,PJ,see assumptions.txt,22.01.2025,Konstantin Loffler <kl@wip.tu-berlin.de>
GR,H2,2025,37.196,,PJ,see assumptions.txt,22.01.2025,Konstantin Loffler <kl@wip.tu-berlin.de>
GR,H2,2030,37.196,,PJ,see assumptions.txt,22.01.2025,Konstantin Loffler <kl@wip.tu-berlin.de>
GR,H2,2035,37.196,,PJ,see assumptions.txt,22.01.2025,Konstantin Loffler <kl@wip.tu-berlin.de>
GR,H2,2040,37.196,,PJ,see assumptions.txt,22.01.2025,Konstantin Loffler <kl@wip.tu-berlin.de>
GR,H2,2045,37.196,,PJ,see assumptions.txt,22.01.2025,Konstantin Loffler <kl@wip.tu-berlin.de>
GR,H2,2050,37.196,,PJ,see assumptions.txt,22.01.2025,Konstantin Loffler <kl@wip.tu-berlin.de>
GR,H2,2055,37.196,,PJ,same as 2050 for now,29.01.2025,Nikita Moskalenko <nim@wip.tu-berlin.de>
GR,H2,2060,37.196,,PJ,same as 2050 for now,29.01.2025,Nikita Moskalenko <nim@wip.tu-berlin.de>
HR,H2,2018,8.999,,PJ,see assumptions.txt,22.01.2025,Konstantin Loffler <kl@wip.tu-berlin.de>
HR,H2,2021,8.999,,PJ,see assumptions.txt,22.01.2025,Konstantin Loffler <kl@wip.tu-berlin.de>
HR,H2,2025,8.999,,PJ,see assumptions.txt,22.01.2025,Konstantin Loffler <kl@wip.tu-berlin.de>
HR,H2,2030,11.668,,PJ,see assumptions.txt,22.01.2025,Konstantin Loffler <kl@wip.tu-berlin.de>
HR,H2,2035,11.668,,PJ,see assumptions.txt,22.01.2025,Konstantin Loffler <kl@wip.tu-berlin.de>
HR,H2,2040,14.568,,PJ,see assumptions.txt,22.01.2025,Konstantin Loffler <kl@wip.tu-berlin.de>
HR,H2,2045,14.568,,PJ,see assumptions.txt,22.01.2025,Konstantin Loffler <kl@wip.tu-berlin.de>
HR,H2,2050,17.239,,PJ,see assumptions.txt,22.01.2025,Konstantin Loffler <kl@wip.tu-berlin.de>
HR,H2,2055,17.239,,PJ,same as 2050 for now,29.01.2025,Nikita Moskalenko <nim@wip.tu-berlin.de>
HR,H2,2060,17.239,,PJ,same as 2050 for now,29.01.2025,Nikita Moskalenko <nim@wip.tu-berlin.de>
HU,H2,2018,22.798,,PJ,see assumptions.txt,22.01.2025,Konstantin Loffler <kl@wip.tu-berlin.de>
HU,H2,2021,22.798,,PJ,see assumptions.txt,22.01.2025,Konstantin Loffler <kl@wip.tu-berlin.de>
HU,H2,2025,22.798,,PJ,see assumptions.txt,22.01.2025,Konstantin Loffler <kl@wip.tu-berlin.de>
HU,H2,2030,30.234,,PJ,see assumptions.txt,22.01.2025,Konstantin Loffler <kl@wip.tu-berlin.de>
HU,H2,2035,30.234,,PJ,see assumptions.txt,22.01.2025,Konstantin Loffler <kl@wip.tu-berlin.de>
HU,H2,2040,43.819,,PJ,see assumptions.txt,22.01.2025,Konstantin Loffler <kl@wip.tu-berlin.de>
HU,H2,2045,43.819,,PJ,see assumptions.txt,22.01.2025,Konstantin Loffler <kl@wip.tu-berlin.de>
HU,H2,2050,59.365,,PJ,see assumptions.txt,22.01.2025,Konstantin Loffler <kl@wip.tu-berlin.de>
HU,H2,2055,59.365,,PJ,same as 2050 for now,29.01.2025,Nikita Moskalenko <nim@wip.tu-berlin.de>
HU,H2,2060,59.365,,PJ,same as 2050 for now,29.01.2025,Nikita Moskalenko <nim@wip.tu-berlin.de>
IE,H2,2018,0.6,,PJ,see assumptions.txt,22.01.2025,Konstantin Loffler <kl@wip.tu-berlin.de>
IE,H2,2021,0.6,,PJ,see assumptions.txt,22.01.2025,Konstantin Loffler <kl@wip.tu-berlin.de>
IE,H2,2025,0.6,,PJ,see assumptions.txt,22.01.2025,Konstantin Loffler <kl@wip.tu-berlin.de>
IE,H2,2030,1.386,,PJ,see assumptions.txt,22.01.2025,Konstantin Loffler <kl@wip.tu-berlin.de>
IE,H2,2035,1.386,,PJ,see assumptions.txt,22.01.2025,Konstantin Loffler <kl@wip.tu-berlin.de>
IE,H2,2040,2.513,,PJ,see assumptions.txt,22.01.2025,Konstantin Loffler <kl@wip.tu-berlin.de>
IE,H2,2045,2.513,,PJ,see assumptions.txt,22.01.2025,Konstantin Loffler <kl@wip.tu-berlin.de>
IE,H2,2050,4.009,,PJ,see assumptions.txt,22.01.2025,Konstantin Loffler <kl@wip.tu-berlin.de>
IE,H2,2055,4.009,,PJ,same as 2050 for now,29.01.2025,Nikita Moskalenko <nim@wip.tu-berlin.de>
IE,H2,2060,4.009,,PJ,same as 2050 for now,29.01.2025,Nikita Moskalenko <nim@wip.tu-berlin.de>
IT,H2,2018,71.993,,PJ,see assumptions.txt,22.01.2025,Konstantin Loffler <kl@wip.tu-berlin.de>
IT,H2,2021,71.993,,PJ,see assumptions.txt,22.01.2025,Konstantin Loffler <kl@wip.tu-berlin.de>
IT,H2,2025,71.993,,PJ,see assumptions.txt,22.01.2025,Konstantin Loffler <kl@wip.tu-berlin.de>
IT,H2,2030,88.484,,PJ,see assumptions.txt,22.01.2025,Konstantin Loffler <kl@wip.tu-berlin.de>
IT,H2,2035,88.484,,PJ,see assumptions.txt,22.01.2025,Konstantin Loffler <kl@wip.tu-berlin.de>
IT,H2,2040,117.627,,PJ,see assumptions.txt,22.01.2025,Konstantin Loffler <kl@wip.tu-berlin.de>
IT,H2,2045,117.627,,PJ,see assumptions.txt,22.01.2025,Konstantin Loffler <kl@wip.tu-berlin.de>
IT,H2,2050,153.907,,PJ,see assumptions.txt,22.01.2025,Konstantin Loffler <kl@wip.tu-berlin.de>
IT,H2,2055,153.907,,PJ,same as 2050 for now,29.01.2025,Nikita Moskalenko <nim@wip.tu-berlin.de>
IT,H2,2060,153.907,,PJ,same as 2050 for now,29.01.2025,Nikita Moskalenko <nim@wip.tu-berlin.de>
LT,H2,2018,17.998,,PJ,see assumptions.txt,22.01.2025,Konstantin Loffler <kl@wip.tu-berlin.de>
LT,H2,2021,17.998,,PJ,see assumptions.txt,22.01.2025,Konstantin Loffler <kl@wip.tu-berlin.de>
LT,H2,2025,17.998,,PJ,see assumptions.txt,22.01.2025,Konstantin Loffler <kl@wip.tu-berlin.de>
LT,H2,2030,24.519,,PJ,see assumptions.txt,22.01.2025,Konstantin Loffler <kl@wip.tu-berlin.de>
LT,H2,2035,24.519,,PJ,see assumptions.txt,22.01.2025,Konstantin Loffler <kl@wip.tu-berlin.de>
LT,H2,2040,38.179,,PJ,see assumptions.txt,22.01.2025,Konstantin Loffler <kl@wip.tu-berlin.de>
LT,H2,2045,38.179,,PJ,see assumptions.txt,22.01.2025,Konstantin Loffler <kl@wip.tu-berlin.de>
LT,H2,2050,50.411,,PJ,see assumptions.txt,22.01.2025,Konstantin Loffler <kl@wip.tu-berlin.de>
LT,H2,2055,50.411,,PJ,same as 2050 for now,29.01.2025,Nikita Moskalenko <nim@wip.tu-berlin.de>
LT,H2,2060,50.411,,PJ,same as 2050 for now,29.01.2025,Nikita Moskalenko <nim@wip.tu-berlin.de>
LU,H2,2018,0,,PJ,see assumptions.txt,22.01.2025,Konstantin Loffler <kl@wip.tu-berlin.de>
LU,H2,2021,0,,PJ,see assumptions.txt,22.01.2025,Konstantin Loffler <kl@wip.tu-berlin.de>
LU,H2,2025,0,,PJ,see assumptions.txt,22.01.2025,Konstantin Loffler <kl@wip.tu-berlin.de>
LU,H2,2030,0.115,,PJ,see assumptions.txt,22.01.2025,Konstantin Loffler <kl@wip.tu-berlin.de>
LU,H2,2035,0.115,,PJ,see assumptions.txt,22.01.2025,Konstantin Loffler <kl@wip.tu-berlin.de>
LU,H2,2040,0.278,,PJ,see assumptions.txt,22.01.2025,Konstantin Loffler <kl@wip.tu-berlin.de>
LU,H2,2045,0.278,,PJ,see assumptions.txt,22.01.2025,Konstantin Loffler <kl@wip.tu-berlin.de>
LU,H2,2050,0.496,,PJ,see assumptions.txt,22.01.2025,Konstantin Loffler <kl@wip.tu-berlin.de>
LU,H2,2055,0.496,,PJ,same as 2050 for now,29.01.2025,Nikita Moskalenko <nim@wip.tu-berlin.de>
LU,H2,2060,0.496,,PJ,same as 2050 for now,29.01.2025,Nikita Moskalenko <nim@wip.tu-berlin.de>
NL,H2,2018,118.788,,PJ,see assumptions.txt,22.01.2025,Konstantin Loffler <kl@wip.tu-berlin.de>
NL,H2,2021,118.788,,PJ,see assumptions.txt,22.01.2025,Konstantin Loffler <kl@wip.tu-berlin.de>
NL,H2,2025,118.788,,PJ,see assumptions.txt,22.01.2025,Konstantin Loffler <kl@wip.tu-berlin.de>
NL,H2,2030,161.374,,PJ,see assumptions.txt,22.01.2025,Konstantin Loffler <kl@wip.tu-berlin.de>
NL,H2,2035,161.374,,PJ,see assumptions.txt,22.01.2025,Konstantin Loffler <kl@wip.tu-berlin.de>
NL,H2,2040,238.867,,PJ,see assumptions.txt,22.01.2025,Konstantin Loffler <kl@wip.tu-berlin.de>
NL,H2,2045,238.867,,PJ,see assumptions.txt,22.01.2025,Konstantin Loffler <kl@wip.tu-berlin.de>
NL,H2,2050,350.802,,PJ,see assumptions.txt,22.01.2025,Konstantin Loffler <kl@wip.tu-berlin.de>
NL,H2,2055,350.802,,PJ,same as 2050 for now,29.01.2025,Nikita Moskalenko <nim@wip.tu-berlin.de>
NL,H2,2060,350.802,,PJ,same as 2050 for now,29.01.2025,Nikita Moskalenko <nim@wip.tu-berlin.de>
NO,H2,2018,20.398,,PJ,see assumptions.txt,22.01.2025,Konstantin Loffler <kl@wip.tu-berlin.de>
NO,H2,2021,20.398,,PJ,see assumptions.txt,22.01.2025,Konstantin Loffler <kl@wip.tu-berlin.de>
NO,H2,2025,20.398,,PJ,see assumptions.txt,22.01.2025,Konstantin Loffler <kl@wip.tu-berlin.de>
NO,H2,2030,20.398,,PJ,see assumptions.txt,22.01.2025,Konstantin Loffler <kl@wip.tu-berlin.de>
NO,H2,2035,20.398,,PJ,see assumptions.txt,22.01.2025,Konstantin Loffler <kl@wip.tu-berlin.de>
NO,H2,2040,20.398,,PJ,see assumptions.txt,22.01.2025,Konstantin Loffler <kl@wip.tu-berlin.de>
NO,H2,2045,20.398,,PJ,see assumptions.txt,22.01.2025,Konstantin Loffler <kl@wip.tu-berlin.de>
NO,H2,2050,20.398,,PJ,see assumptions.txt,22.01.2025,Konstantin Loffler <kl@wip.tu-berlin.de>
NO,H2,2055,20.398,,PJ,same as 2050 for now,29.01.2025,Nikita Moskalenko <nim@wip.tu-berlin.de>
NO,H2,2060,20.398,,PJ,same as 2050 for now,29.01.2025,Nikita Moskalenko <nim@wip.tu-berlin.de>
NONEU_Balkan,H2,2018,0,,PJ,see assumptions.txt,22.01.2025,Konstantin Loffler <kl@wip.tu-berlin.de>
NONEU_Balkan,H2,2021,0,,PJ,see assumptions.txt,22.01.2025,Konstantin Loffler <kl@wip.tu-berlin.de>
NONEU_Balkan,H2,2025,0,,PJ,see assumptions.txt,22.01.2025,Konstantin Loffler <kl@wip.tu-berlin.de>
NONEU_Balkan,H2,2030,0,,PJ,see assumptions.txt,22.01.2025,Konstantin Loffler <kl@wip.tu-berlin.de>
NONEU_Balkan,H2,2035,0,,PJ,see assumptions.txt,22.01.2025,Konstantin Loffler <kl@wip.tu-berlin.de>
NONEU_Balkan,H2,2040,0,,PJ,see assumptions.txt,22.01.2025,Konstantin Loffler <kl@wip.tu-berlin.de>
NONEU_Balkan,H2,2045,0,,PJ,see assumptions.txt,22.01.2025,Konstantin Loffler <kl@wip.tu-berlin.de>
NONEU_Balkan,H2,2050,0,,PJ,see assumptions.txt,22.01.2025,Konstantin Loffler <kl@wip.tu-berlin.de>
NONEU_Balkan,H2,2055,0,,PJ,same as 2050 for now,29.01.2025,Nikita Moskalenko <nim@wip.tu-berlin.de>
NONEU_Balkan,H2,2060,0,,PJ,same as 2050 for now,29.01.2025,Nikita Moskalenko <nim@wip.tu-berlin.de>
PL,H2,2018,94.791,,PJ,see assumptions.txt,22.01.2025,Konstantin Loffler <kl@wip.tu-berlin.de>
PL,H2,2021,94.791,,PJ,see assumptions.txt,22.01.2025,Konstantin Loffler <kl@wip.tu-berlin.de>
PL,H2,2025,94.791,,PJ,see assumptions.txt,22.01.2025,Konstantin Loffler <kl@wip.tu-berlin.de>
PL,H2,2030,115.642,,PJ,see assumptions.txt,22.01.2025,Konstantin Loffler <kl@wip.tu-berlin.de>
PL,H2,2035,115.642,,PJ,see assumptions.txt,22.01.2025,Konstantin Loffler <kl@wip.tu-berlin.de>
PL,H2,2040,142.399,,PJ,see assumptions.txt,22.01.2025,Konstantin Loffler <kl@wip.tu-berlin.de>
PL,H2,2045,142.399,,PJ,see assumptions.txt,22.01.2025,Konstantin Loffler <kl@wip.tu-berlin.de>
PL,H2,2050,171.399,,PJ,see assumptions.txt,22.01.2025,Konstantin Loffler <kl@wip.tu-berlin.de>
PL,H2,2055,171.399,,PJ,same as 2050 for now,29.01.2025,Nikita Moskalenko <nim@wip.tu-berlin.de>
PL,H2,2060,171.399,,PJ,same as 2050 for now,29.01.2025,Nikita Moskalenko <nim@wip.tu-berlin.de>
PT,H2,2018,11.999,,PJ,see assumptions.txt,22.01.2025,Konstantin Loffler <kl@wip.tu-berlin.de>
PT,H2,2021,11.999,,PJ,see assumptions.txt,22.01.2025,Konstantin Loffler <kl@wip.tu-berlin.de>
PT,H2,2025,11.999,,PJ,see assumptions.txt,22.01.2025,Konstantin Loffler <kl@wip.tu-berlin.de>
PT,H2,2030,15.557,,PJ,see assumptions.txt,22.01.2025,Konstantin Loffler <kl@wip.tu-berlin.de>
PT,H2,2035,15.557,,PJ,see assumptions.txt,22.01.2025,Konstantin Loffler <kl@wip.tu-berlin.de>
PT,H2,2040,22.597,,PJ,see assumptions.txt,22.01.2025,Konstantin Loffler <kl@wip.tu-berlin.de>
PT,H2,2045,22.597,,PJ,see assumptions.txt,22.01.2025,Konstantin Loffler <kl@wip.tu-berlin.de>
PT,H2,2050,34.762,,PJ,see assumptions.txt,22.01.2025,Konstantin Loffler <kl@wip.tu-berlin.de>
PT,H2,2055,34.762,,PJ,same as 2050 for now,29.01.2025,Nikita Moskalenko <nim@wip.tu-berlin.de>
PT,H2,2060,34.762,,PJ,same as 2050 for now,29.01.2025,Nikita Moskalenko <nim@wip.tu-berlin.de>
RO,H2,2018,14.399,,PJ,see assumptions.txt,22.01.2025,Konstantin Loffler <kl@wip.tu-berlin.de>
RO,H2,2021,14.399,,PJ,see assumptions.txt,22.01.2025,Konstantin Loffler <kl@wip.tu-berlin.de>
RO,H2,2025,14.399,,PJ,see assumptions.txt,22.01.2025,Konstantin Loffler <kl@wip.tu-berlin.de>
RO,H2,2030,18.342,,PJ,see assumptions.txt,22.01.2025,Konstantin Loffler <kl@wip.tu-berlin.de>
RO,H2,2035,18.342,,PJ,see assumptions.txt,22.01.2025,Konstantin Loffler <kl@wip.tu-berlin.de>
RO,H2,2040,25.986,,PJ,see assumptions.txt,22.01.2025,Konstantin Loffler <kl@wip.tu-berlin.de>
RO,H2,2045,25.986,,PJ,see assumptions.txt,22.01.2025,Konstantin Loffler <kl@wip.tu-berlin.de>
RO,H2,2050,34.176,,PJ,see assumptions.txt,22.01.2025,Konstantin Loffler <kl@wip.tu-berlin.de>
RO,H2,2055,34.176,,PJ,same as 2050 for now,29.01.2025,Nikita Moskalenko <nim@wip.tu-berlin.de>
RO,H2,2060,34.176,,PJ,same as 2050 for now,29.01.2025,Nikita Moskalenko <nim@wip.tu-berlin.de>
SE,H2,2018,21.598,,PJ,see assumptions.txt,22.01.2025,Konstantin Loffler <kl@wip.tu-berlin.de>
SE,H2,2021,21.598,,PJ,see assumptions.txt,22.01.2025,Konstantin Loffler <kl@wip.tu-berlin.de>
SE,H2,2025,21.598,,PJ,see assumptions.txt,22.01.2025,Konstantin Loffler <kl@wip.tu-berlin.de>
SE,H2,2030,25.115,,PJ,see assumptions.txt,22.01.2025,Konstantin Loffler <kl@wip.tu-berlin.de>
SE,H2,2035,25.115,,PJ,see assumptions.txt,22.01.2025,Konstantin Loffler <kl@wip.tu-berlin.de>
SE,H2,2040,31.783,,PJ,see assumptions.txt,22.01.2025,Konstantin Loffler <kl@wip.tu-berlin.de>
SE,H2,2045,31.783,,PJ,see assumptions.txt,22.01.2025,Konstantin Loffler <kl@wip.tu-berlin.de>
SE,H2,2050,40.775,,PJ,see assumptions.txt,22.01.2025,Konstantin Loffler <kl@wip.tu-berlin.de>
SE,H2,2055,40.775,,PJ,same as 2050 for now,29.01.2025,Nikita Moskalenko <nim@wip.tu-berlin.de>
SE,H2,2060,40.775,,PJ,same as 2050 for now,29.01.2025,Nikita Moskalenko <nim@wip.tu-berlin.de>
SI,H2,2018,0,,PJ,see assumptions.txt,22.01.2025,Konstantin Loffler <kl@wip.tu-berlin.de>
SI,H2,2021,0,,PJ,see assumptions.txt,22.01.2025,Konstantin Loffler <kl@wip.tu-berlin.de>
SI,H2,2025,0,,PJ,see assumptions.txt,22.01.2025,Konstantin Loffler <kl@wip.tu-berlin.de>
SI,H2,2030,0.506,,PJ,see assumptions.txt,22.01.2025,Konstantin Loffler <kl@wip.tu-berlin.de>
SI,H2,2035,0.506,,PJ,see assumptions.txt,22.01.2025,Konstantin Loffler <kl@wip.tu-berlin.de>
SI,H2,2040,1.212,,PJ,see assumptions.txt,22.01.2025,Konstantin Loffler <kl@wip.tu-berlin.de>
SI,H2,2045,1.212,,PJ,see assumptions.txt,22.01.2025,Konstantin Loffler <kl@wip.tu-berlin.de>
SI,H2,2050,2.096,,PJ,see assumptions.txt,22.01.2025,Konstantin Loffler <kl@wip.tu-berlin.de>
SI,H2,2055,2.096,,PJ,same as 2050 for now,29.01.2025,Nikita Moskalenko <nim@wip.tu-berlin.de>
SI,H2,2060,2.096,,PJ,same as 2050 for now,29.01.2025,Nikita Moskalenko <nim@wip.tu-berlin.de>
SK,H2,2018,11.999,,PJ,see assumptions.txt,22.01.2025,Konstantin Loffler <kl@wip.tu-berlin.de>
SK,H2,2021,11.999,,PJ,see assumptions.txt,22.01.2025,Konstantin Loffler <kl@wip.tu-berlin.de>
SK,H2,2025,11.999,,PJ,see assumptions.txt,22.01.2025,Konstantin Loffler <kl@wip.tu-berlin.de>
SK,H2,2030,16.49,,PJ,see assumptions.txt,22.01.2025,Konstantin Loffler <kl@wip.tu-berlin.de>
SK,H2,2035,16.49,,PJ,see assumptions.txt,22.01.2025,Konstantin Loffler <kl@wip.tu-berlin.de>
SK,H2,2040,22.074,,PJ,see assumptions.txt,22.01.2025,Konstantin Loffler <kl@wip.tu-berlin.de>
SK,H2,2045,22.074,,PJ,see assumptions.txt,22.01.2025,Konstantin Loffler <kl@wip.tu-berlin.de>
SK,H2,2050,28.245,,PJ,see assumptions.txt,22.01.2025,Konstantin Loffler <kl@wip.tu-berlin.de>
SK,H2,2055,28.245,,PJ,same as 2050 for now,29.01.2025,Nikita Moskalenko <nim@wip.tu-berlin.de>
SK,H2,2060,28.245,,PJ,same as 2050 for now,29.01.2025,Nikita Moskalenko <nim@wip.tu-berlin.de>
UK,H2,2018,70.793,,PJ,see assumptions.txt,22.01.2025,Konstantin Loffler <kl@wip.tu-berlin.de>
UK,H2,2021,70.793,,PJ,see assumptions.txt,22.01.2025,Konstantin Loffler <kl@wip.tu-berlin.de>
UK,H2,2025,70.793,,PJ,see assumptions.txt,22.01.2025,Konstantin Loffler <kl@wip.tu-berlin.de>
UK,H2,2030,90.41,,PJ,see assumptions.txt,22.01.2025,Konstantin Loffler <kl@wip.tu-berlin.de>
UK,H2,2035,90.41,,PJ,see assumptions.txt,22.01.2025,Konstantin Loffler <kl@wip.tu-berlin.de>
UK,H2,2040,121.395,,PJ,see assumptions.txt,22.01.2025,Konstantin Loffler <kl@wip.tu-berlin.de>
UK,H2,2045,121.395,,PJ,see assumptions.txt,22.01.2025,Konstantin Loffler <kl@wip.tu-berlin.de>
UK,H2,2050,163.723,,PJ,see assumptions.txt,22.01.2025,Konstantin Loffler <kl@wip.tu-berlin.de>
UK,H2,2055,163.723,,PJ,same as 2050 for now,29.01.2025,Nikita Moskalenko <nim@wip.tu-berlin.de>
UK,H2,2060,163.723,,PJ,same as 2050 for now,29.01.2025,Nikita Moskalenko <nim@wip.tu-berlin.de>
