Region,Storage,Year,Value,Unnamed: 4,Unit,Source,Updated at,Updated by
World,S_PHS,2018,16162.90909,,MEUR/PJ,PNNL Storage Data; https://www.pnnl.gov/sites/default/files/media/file/ESGC%20Cost%20Performance%20Report%202022%20PNNL-33283.pdf,29.05.2024,Konstantin Löffler <kl@wip.tu-berlin.de>
World,S_Battery_Li-Ion,2018,116111.1111,,MEUR/PJ,Danish Energy Agency Storage Data; https://ens.dk/en/our-services/technology-catalogues/technology-data-energy-storage,29.05.2024,Konstantin Löffler <kl@wip.tu-berlin.de>
World,S_Battery_Redox,2018,177777.7778,,MEUR/PJ,Danish Energy Agency Storage Data; https://ens.dk/en/our-services/technology-catalogues/technology-data-energy-storage,29.05.2024,Konstantin Löffler <kl@wip.tu-berlin.de>
World,S_CAES,2018,1459.712727,,MEUR/PJ,PNNL Storage Data; https://www.pnnl.gov/sites/default/files/media/file/ESGC%20Cost%20Performance%20Report%202022%20PNNL-33283.pdf,29.05.2024,Konstantin Löffler <kl@wip.tu-berlin.de>
World,S_Gas_H2,2018,833.3333333,,MEUR/PJ,Danish Energy Agency Storage Data; https://ens.dk/en/our-services/technology-catalogues/technology-data-energy-storage,29.05.2024,Konstantin Löffler <kl@wip.tu-berlin.de>
World,S_Gas_Methane,2018,12.0,,MEUR/PJ,Danish Energy Agency Storage Data; https://ens.dk/en/our-services/technology-catalogues/technology-data-energy-storage,29.05.2024,Konstantin Löffler <kl@wip.tu-berlin.de>
World,S_HLI_Tank_Large,2018,0.01,,MEUR/PJ,Everything baked into D-technology - assumed for numerical stability,26.11.2024,Stian Backe <stian.backe@sintef.no>
World,S_HB_Tank_Small,2018,0.01,,MEUR/PJ,Everything baked into D-technology - assumed for numerical stability,26.11.2024,Stian Backe <stian.backe@sintef.no>
World,S_HD_Pit,2018,0.01,,MEUR/PJ,Everything baked into D-technology - assumed for numerical stability,26.11.2024,Stian Backe <stian.backe@sintef.no>
World,S_PHS,2020,16162.90909,,MEUR/PJ,PNNL Storage Data; https://www.pnnl.gov/sites/default/files/media/file/ESGC%20Cost%20Performance%20Report%202022%20PNNL-33283.pdf,29.05.2024,Konstantin Löffler <kl@wip.tu-berlin.de>
World,S_Battery_Li-Ion,2020,64444.44444,,MEUR/PJ,Danish Energy Agency Storage Data; https://ens.dk/en/our-services/technology-catalogues/technology-data-energy-storage,29.05.2024,Konstantin Löffler <kl@wip.tu-berlin.de>
World,S_Battery_Redox,2020,138888.8889,,MEUR/PJ,Danish Energy Agency Storage Data; https://ens.dk/en/our-services/technology-catalogues/technology-data-energy-storage,29.05.2024,Konstantin Löffler <kl@wip.tu-berlin.de>
World,S_CAES,2020,1459.712727,,MEUR/PJ,PNNL Storage Data; https://www.pnnl.gov/sites/default/files/media/file/ESGC%20Cost%20Performance%20Report%202022%20PNNL-33283.pdf,29.05.2024,Konstantin Löffler <kl@wip.tu-berlin.de>
World,S_Gas_H2,2020,833.3333333,,MEUR/PJ,Danish Energy Agency Storage Data; https://ens.dk/en/our-services/technology-catalogues/technology-data-energy-storage,29.05.2024,Konstantin Löffler <kl@wip.tu-berlin.de>
World,S_Gas_Methane,2020,12.0,,MEUR/PJ,Danish Energy Agency Storage Data; https://ens.dk/en/our-services/technology-catalogues/technology-data-energy-storage,29.05.2024,Konstantin Löffler <kl@wip.tu-berlin.de>
World,S_HLI_Tank_Large,2020,0.01,,MEUR/PJ,Everything baked into D-technology - assumed for numerical stability,26.11.2024,Stian Backe <stian.backe@sintef.no>
World,S_HB_Tank_Small,2020,0.01,,MEUR/PJ,Everything baked into D-technology - assumed for numerical stability,26.11.2024,Stian Backe <stian.backe@sintef.no>
World,S_HD_Pit,2020,0.01,,MEUR/PJ,Everything baked into D-technology - assumed for numerical stability,26.11.2024,Stian Backe <stian.backe@sintef.no>
World,S_PHS,2025,16162.90909,,MEUR/PJ,PNNL Storage Data; https://www.pnnl.gov/sites/default/files/media/file/ESGC%20Cost%20Performance%20Report%202022%20PNNL-33283.pdf,29.05.2024,Konstantin Löffler <kl@wip.tu-berlin.de>
World,S_Battery_Li-Ion,2025,51944.44444,,MEUR/PJ,Danish Energy Agency Storage Data; https://ens.dk/en/our-services/technology-catalogues/technology-data-energy-storage,29.05.2024,Konstantin Löffler <kl@wip.tu-berlin.de>
World,S_Battery_Redox,2025,75000.0,,MEUR/PJ,Danish Energy Agency Storage Data; https://ens.dk/en/our-services/technology-catalogues/technology-data-energy-storage,29.05.2024,Konstantin Löffler <kl@wip.tu-berlin.de>
World,S_CAES,2025,1459.712727,,MEUR/PJ,PNNL Storage Data; https://www.pnnl.gov/sites/default/files/media/file/ESGC%20Cost%20Performance%20Report%202022%20PNNL-33283.pdf,29.05.2024,Konstantin Löffler <kl@wip.tu-berlin.de>
World,S_Gas_H2,2025,694.4444444,,MEUR/PJ,Danish Energy Agency Storage Data; https://ens.dk/en/our-services/technology-catalogues/technology-data-energy-storage,29.05.2024,Konstantin Löffler <kl@wip.tu-berlin.de>
World,S_Gas_Methane,2025,12.0,,MEUR/PJ,Danish Energy Agency Storage Data; https://ens.dk/en/our-services/technology-catalogues/technology-data-energy-storage,29.05.2024,Konstantin Löffler <kl@wip.tu-berlin.de>
World,S_HLI_Tank_Large,2025,0.01,,MEUR/PJ,Everything baked into D-technology - assumed for numerical stability,26.11.2024,Stian Backe <stian.backe@sintef.no>
World,S_HB_Tank_Small,2025,0.01,,MEUR/PJ,Everything baked into D-technology - assumed for numerical stability,26.11.2024,Stian Backe <stian.backe@sintef.no>
World,S_HD_Pit,2025,0.01,,MEUR/PJ,Everything baked into D-technology - assumed for numerical stability,26.11.2024,Stian Backe <stian.backe@sintef.no>
World,S_PHS,2030,16162.90909,,MEUR/PJ,PNNL Storage Data; https://www.pnnl.gov/sites/default/files/media/file/ESGC%20Cost%20Performance%20Report%202022%20PNNL-33283.pdf,29.05.2024,Konstantin Löffler <kl@wip.tu-berlin.de>
World,S_Battery_Li-Ion,2030,39444.44444,,MEUR/PJ,Danish Energy Agency Storage Data; https://ens.dk/en/our-services/technology-catalogues/technology-data-energy-storage,29.05.2024,Konstantin Löffler <kl@wip.tu-berlin.de>
World,S_Battery_Redox,2030,69444.44444,,MEUR/PJ,Danish Energy Agency Storage Data; https://ens.dk/en/our-services/technology-catalogues/technology-data-energy-storage,29.05.2024,Konstantin Löffler <kl@wip.tu-berlin.de>
World,S_CAES,2030,1459.712727,,MEUR/PJ,PNNL Storage Data; https://www.pnnl.gov/sites/default/files/media/file/ESGC%20Cost%20Performance%20Report%202022%20PNNL-33283.pdf,29.05.2024,Konstantin Löffler <kl@wip.tu-berlin.de>
World,S_Gas_H2,2030,555.5555556,,MEUR/PJ,Danish Energy Agency Storage Data; https://ens.dk/en/our-services/technology-catalogues/technology-data-energy-storage,29.05.2024,Konstantin Löffler <kl@wip.tu-berlin.de>
World,S_Gas_Methane,2030,12.0,,MEUR/PJ,Danish Energy Agency Storage Data; https://ens.dk/en/our-services/technology-catalogues/technology-data-energy-storage,29.05.2024,Konstantin Löffler <kl@wip.tu-berlin.de>
World,S_HLI_Tank_Large,2030,0.01,,MEUR/PJ,Everything baked into D-technology - assumed for numerical stability,26.11.2024,Stian Backe <stian.backe@sintef.no>
World,S_HB_Tank_Small,2030,0.01,,MEUR/PJ,Everything baked into D-technology - assumed for numerical stability,26.11.2024,Stian Backe <stian.backe@sintef.no>
World,S_HD_Pit,2030,0.01,,MEUR/PJ,Everything baked into D-technology - assumed for numerical stability,26.11.2024,Stian Backe <stian.backe@sintef.no>
World,S_PHS,2035,16162.90909,,MEUR/PJ,PNNL Storage Data; https://www.pnnl.gov/sites/default/files/media/file/ESGC%20Cost%20Performance%20Report%202022%20PNNL-33283.pdf,29.05.2024,Konstantin Löffler <kl@wip.tu-berlin.de>
World,S_Battery_Li-Ion,2035,32777.77778,,MEUR/PJ,Danish Energy Agency Storage Data; https://ens.dk/en/our-services/technology-catalogues/technology-data-energy-storage,29.05.2024,Konstantin Löffler <kl@wip.tu-berlin.de>
World,S_Battery_Redox,2035,73611.11111,,MEUR/PJ,Danish Energy Agency Storage Data; https://ens.dk/en/our-services/technology-catalogues/technology-data-energy-storage,29.05.2024,Konstantin Löffler <kl@wip.tu-berlin.de>
World,S_CAES,2035,1459.712727,,MEUR/PJ,PNNL Storage Data; https://www.pnnl.gov/sites/default/files/media/file/ESGC%20Cost%20Performance%20Report%202022%20PNNL-33283.pdf,29.05.2024,Konstantin Löffler <kl@wip.tu-berlin.de>
World,S_Gas_H2,2035,486.1111111,,MEUR/PJ,Danish Energy Agency Storage Data; https://ens.dk/en/our-services/technology-catalogues/technology-data-energy-storage,29.05.2024,Konstantin Löffler <kl@wip.tu-berlin.de>
World,S_Gas_Methane,2035,12.0,,MEUR/PJ,Danish Energy Agency Storage Data; https://ens.dk/en/our-services/technology-catalogues/technology-data-energy-storage,29.05.2024,Konstantin Löffler <kl@wip.tu-berlin.de>
World,S_HLI_Tank_Large,2035,0.01,,MEUR/PJ,Everything baked into D-technology - assumed for numerical stability,26.11.2024,Stian Backe <stian.backe@sintef.no>
World,S_HB_Tank_Small,2035,0.01,,MEUR/PJ,Everything baked into D-technology - assumed for numerical stability,26.11.2024,Stian Backe <stian.backe@sintef.no>
World,S_HD_Pit,2035,0.01,,MEUR/PJ,Everything baked into D-technology - assumed for numerical stability,26.11.2024,Stian Backe <stian.backe@sintef.no>
World,S_PHS,2040,16162.90909,,MEUR/PJ,PNNL Storage Data; https://www.pnnl.gov/sites/default/files/media/file/ESGC%20Cost%20Performance%20Report%202022%20PNNL-33283.pdf,29.05.2024,Konstantin Löffler <kl@wip.tu-berlin.de>
World,S_Battery_Li-Ion,2040,26111.11111,,MEUR/PJ,Danish Energy Agency Storage Data; https://ens.dk/en/our-services/technology-catalogues/technology-data-energy-storage,29.05.2024,Konstantin Löffler <kl@wip.tu-berlin.de>
World,S_Battery_Redox,2040,72222.22222,,MEUR/PJ,Danish Energy Agency Storage Data; https://ens.dk/en/our-services/technology-catalogues/technology-data-energy-storage,29.05.2024,Konstantin Löffler <kl@wip.tu-berlin.de>
World,S_CAES,2040,1459.712727,,MEUR/PJ,PNNL Storage Data; https://www.pnnl.gov/sites/default/files/media/file/ESGC%20Cost%20Performance%20Report%202022%20PNNL-33283.pdf,29.05.2024,Konstantin Löffler <kl@wip.tu-berlin.de>
World,S_Gas_H2,2040,416.6666667,,MEUR/PJ,Danish Energy Agency Storage Data; https://ens.dk/en/our-services/technology-catalogues/technology-data-energy-storage,29.05.2024,Konstantin Löffler <kl@wip.tu-berlin.de>
World,S_Gas_Methane,2040,12.0,,MEUR/PJ,Danish Energy Agency Storage Data; https://ens.dk/en/our-services/technology-catalogues/technology-data-energy-storage,29.05.2024,Konstantin Löffler <kl@wip.tu-berlin.de>
World,S_HLI_Tank_Large,2040,0.01,,MEUR/PJ,Everything baked into D-technology - assumed for numerical stability,26.11.2024,Stian Backe <stian.backe@sintef.no>
World,S_HB_Tank_Small,2040,0.01,,MEUR/PJ,Everything baked into D-technology - assumed for numerical stability,26.11.2024,Stian Backe <stian.backe@sintef.no>
World,S_HD_Pit,2040,0.01,,MEUR/PJ,Everything baked into D-technology - assumed for numerical stability,26.11.2024,Stian Backe <stian.backe@sintef.no>
World,S_PHS,2045,16162.90909,,MEUR/PJ,PNNL Storage Data; https://www.pnnl.gov/sites/default/files/media/file/ESGC%20Cost%20Performance%20Report%202022%20PNNL-33283.pdf,29.05.2024,Konstantin Löffler <kl@wip.tu-berlin.de>
World,S_Battery_Li-Ion,2045,23472.22222,,MEUR/PJ,Danish Energy Agency Storage Data; https://ens.dk/en/our-services/technology-catalogues/technology-data-energy-storage,29.05.2024,Konstantin Löffler <kl@wip.tu-berlin.de>
World,S_Battery_Redox,2045,70833.33333,,MEUR/PJ,Danish Energy Agency Storage Data; https://ens.dk/en/our-services/technology-catalogues/technology-data-energy-storage,29.05.2024,Konstantin Löffler <kl@wip.tu-berlin.de>
World,S_CAES,2045,1459.712727,,MEUR/PJ,PNNL Storage Data; https://www.pnnl.gov/sites/default/files/media/file/ESGC%20Cost%20Performance%20Report%202022%20PNNL-33283.pdf,29.05.2024,Konstantin Löffler <kl@wip.tu-berlin.de>
World,S_Gas_H2,2045,375.0,,MEUR/PJ,Danish Energy Agency Storage Data; https://ens.dk/en/our-services/technology-catalogues/technology-data-energy-storage,29.05.2024,Konstantin Löffler <kl@wip.tu-berlin.de>
World,S_Gas_Methane,2045,12.0,,MEUR/PJ,Danish Energy Agency Storage Data; https://ens.dk/en/our-services/technology-catalogues/technology-data-energy-storage,29.05.2024,Konstantin Löffler <kl@wip.tu-berlin.de>
World,S_HLI_Tank_Large,2045,0.01,,MEUR/PJ,Everything baked into D-technology - assumed for numerical stability,26.11.2024,Stian Backe <stian.backe@sintef.no>
World,S_HB_Tank_Small,2045,0.01,,MEUR/PJ,Everything baked into D-technology - assumed for numerical stability,26.11.2024,Stian Backe <stian.backe@sintef.no>
World,S_HD_Pit,2045,0.01,,MEUR/PJ,Everything baked into D-technology - assumed for numerical stability,26.11.2024,Stian Backe <stian.backe@sintef.no>
World,S_PHS,2050,16162.90909,,MEUR/PJ,PNNL Storage Data; https://www.pnnl.gov/sites/default/files/media/file/ESGC%20Cost%20Performance%20Report%202022%20PNNL-33283.pdf,29.05.2024,Konstantin Löffler <kl@wip.tu-berlin.de>
World,S_Battery_Li-Ion,2050,20833.33333,,MEUR/PJ,Danish Energy Agency Storage Data; https://ens.dk/en/our-services/technology-catalogues/technology-data-energy-storage,29.05.2024,Konstantin Löffler <kl@wip.tu-berlin.de>
World,S_Battery_Redox,2050,69444.44444,,MEUR/PJ,Danish Energy Agency Storage Data; https://ens.dk/en/our-services/technology-catalogues/technology-data-energy-storage,29.05.2024,Konstantin Löffler <kl@wip.tu-berlin.de>
World,S_CAES,2050,1459.712727,,MEUR/PJ,PNNL Storage Data; https://www.pnnl.gov/sites/default/files/media/file/ESGC%20Cost%20Performance%20Report%202022%20PNNL-33283.pdf,29.05.2024,Konstantin Löffler <kl@wip.tu-berlin.de>
World,S_Gas_H2,2050,333.3333333,,MEUR/PJ,Danish Energy Agency Storage Data; https://ens.dk/en/our-services/technology-catalogues/technology-data-energy-storage,29.05.2024,Konstantin Löffler <kl@wip.tu-berlin.de>
World,S_Gas_Methane,2050,12.0,,MEUR/PJ,Danish Energy Agency Storage Data; https://ens.dk/en/our-services/technology-catalogues/technology-data-energy-storage,29.05.2024,Konstantin Löffler <kl@wip.tu-berlin.de>
World,S_HLI_Tank_Large,2050,0.01,,MEUR/PJ,Everything baked into D-technology - assumed for numerical stability,26.11.2024,Stian Backe <stian.backe@sintef.no>
World,S_HB_Tank_Small,2050,0.01,,MEUR/PJ,Everything baked into D-technology - assumed for numerical stability,26.11.2024,Stian Backe <stian.backe@sintef.no>
World,S_HD_Pit,2050,0.01,,MEUR/PJ,Everything baked into D-technology - assumed for numerical stability,26.11.2024,Stian Backe <stian.backe@sintef.no>
World,S_PHS,2055,16162.90909,,MEUR/PJ,same as 2050 for now,29.01.2025,Nikita Moskalenko <nim@wip.tu-berlin.de>
World,S_Battery_Li-Ion,2055,20833.33333,,MEUR/PJ,same as 2050 for now,29.01.2025,Nikita Moskalenko <nim@wip.tu-berlin.de>
World,S_Battery_Redox,2055,69444.44444,,MEUR/PJ,same as 2050 for now,29.01.2025,Nikita Moskalenko <nim@wip.tu-berlin.de>
World,S_CAES,2055,1459.712727,,MEUR/PJ,same as 2050 for now,29.01.2025,Nikita Moskalenko <nim@wip.tu-berlin.de>
World,S_Gas_H2,2055,333.3333333,,MEUR/PJ,same as 2050 for now,29.01.2025,Nikita Moskalenko <nim@wip.tu-berlin.de>
World,S_Gas_Methane,2055,12.0,,MEUR/PJ,same as 2050 for now,29.01.2025,Nikita Moskalenko <nim@wip.tu-berlin.de>
World,S_HLI_Tank_Large,2055,0.01,,MEUR/PJ,same as 2050 for now,29.01.2025,Nikita Moskalenko <nim@wip.tu-berlin.de>
World,S_HB_Tank_Small,2055,0.01,,MEUR/PJ,same as 2050 for now,29.01.2025,Nikita Moskalenko <nim@wip.tu-berlin.de>
World,S_HD_Pit,2055,0.01,,MEUR/PJ,same as 2050 for now,29.01.2025,Nikita Moskalenko <nim@wip.tu-berlin.de>
World,S_PHS,2060,16162.90909,,MEUR/PJ,same as 2050 for now,29.01.2025,Nikita Moskalenko <nim@wip.tu-berlin.de>
World,S_Battery_Li-Ion,2060,20833.33333,,MEUR/PJ,same as 2050 for now,29.01.2025,Nikita Moskalenko <nim@wip.tu-berlin.de>
World,S_Battery_Redox,2060,69444.44444,,MEUR/PJ,same as 2050 for now,29.01.2025,Nikita Moskalenko <nim@wip.tu-berlin.de>
World,S_CAES,2060,1459.712727,,MEUR/PJ,same as 2050 for now,29.01.2025,Nikita Moskalenko <nim@wip.tu-berlin.de>
World,S_Gas_H2,2060,333.3333333,,MEUR/PJ,same as 2050 for now,29.01.2025,Nikita Moskalenko <nim@wip.tu-berlin.de>
World,S_Gas_Methane,2060,12.0,,MEUR/PJ,same as 2050 for now,29.01.2025,Nikita Moskalenko <nim@wip.tu-berlin.de>
World,S_HLI_Tank_Large,2060,0.01,,MEUR/PJ,same as 2050 for now,29.01.2025,Nikita Moskalenko <nim@wip.tu-berlin.de>
World,S_HB_Tank_Small,2060,0.01,,MEUR/PJ,same as 2050 for now,29.01.2025,Nikita Moskalenko <nim@wip.tu-berlin.de>
World,S_HD_Pit,2060,0.01,,MEUR/PJ,same as 2050 for now,29.01.2025,Nikita Moskalenko <nim@wip.tu-berlin.de>
World,S_PHS,2026,16162.9,,MEUR/PJ,interpolated,29.05.2024,Konstantin Löffler <kl@wip.tu-berlin.de>
World,S_PHS,2027,16162.9,,MEUR/PJ,interpolated,29.05.2024,Konstantin Löffler <kl@wip.tu-berlin.de>
World,S_PHS,2028,16162.9,,MEUR/PJ,interpolated,29.05.2024,Konstantin Löffler <kl@wip.tu-berlin.de>
World,S_PHS,2029,16162.9,,MEUR/PJ,interpolated,29.05.2024,Konstantin Löffler <kl@wip.tu-berlin.de>
World,S_PHS,2031,16162.9,,MEUR/PJ,interpolated,29.05.2024,Konstantin Löffler <kl@wip.tu-berlin.de>
World,S_PHS,2032,16162.9,,MEUR/PJ,interpolated,29.05.2024,Konstantin Löffler <kl@wip.tu-berlin.de>
World,S_PHS,2033,16162.9,,MEUR/PJ,interpolated,29.05.2024,Konstantin Löffler <kl@wip.tu-berlin.de>
World,S_PHS,2034,16162.9,,MEUR/PJ,interpolated,29.05.2024,Konstantin Löffler <kl@wip.tu-berlin.de>
World,S_PHS,2036,16162.9,,MEUR/PJ,interpolated,29.05.2024,Konstantin Löffler <kl@wip.tu-berlin.de>
World,S_PHS,2037,16162.9,,MEUR/PJ,interpolated,29.05.2024,Konstantin Löffler <kl@wip.tu-berlin.de>
World,S_PHS,2038,16162.9,,MEUR/PJ,interpolated,29.05.2024,Konstantin Löffler <kl@wip.tu-berlin.de>
World,S_PHS,2039,16162.9,,MEUR/PJ,interpolated,29.05.2024,Konstantin Löffler <kl@wip.tu-berlin.de>
World,S_Battery_Li-Ion,2026,49444.4,,MEUR/PJ,interpolated,29.05.2024,Konstantin Löffler <kl@wip.tu-berlin.de>
World,S_Battery_Li-Ion,2027,46944.4,,MEUR/PJ,interpolated,29.05.2024,Konstantin Löffler <kl@wip.tu-berlin.de>
World,S_Battery_Li-Ion,2028,44444.4,,MEUR/PJ,interpolated,29.05.2024,Konstantin Löffler <kl@wip.tu-berlin.de>
World,S_Battery_Li-Ion,2029,41944.4,,MEUR/PJ,interpolated,29.05.2024,Konstantin Löffler <kl@wip.tu-berlin.de>
World,S_Battery_Li-Ion,2031,38111.1,,MEUR/PJ,interpolated,29.05.2024,Konstantin Löffler <kl@wip.tu-berlin.de>
World,S_Battery_Li-Ion,2032,36777.8,,MEUR/PJ,interpolated,29.05.2024,Konstantin Löffler <kl@wip.tu-berlin.de>
World,S_Battery_Li-Ion,2033,35444.4,,MEUR/PJ,interpolated,29.05.2024,Konstantin Löffler <kl@wip.tu-berlin.de>
World,S_Battery_Li-Ion,2034,34111.1,,MEUR/PJ,interpolated,29.05.2024,Konstantin Löffler <kl@wip.tu-berlin.de>
World,S_Battery_Li-Ion,2036,31444.4,,MEUR/PJ,interpolated,29.05.2024,Konstantin Löffler <kl@wip.tu-berlin.de>
World,S_Battery_Li-Ion,2037,30111.1,,MEUR/PJ,interpolated,29.05.2024,Konstantin Löffler <kl@wip.tu-berlin.de>
World,S_Battery_Li-Ion,2038,28777.8,,MEUR/PJ,interpolated,29.05.2024,Konstantin Löffler <kl@wip.tu-berlin.de>
World,S_Battery_Li-Ion,2039,27444.4,,MEUR/PJ,interpolated,29.05.2024,Konstantin Löffler <kl@wip.tu-berlin.de>
World,S_Battery_Redox,2026,73888.9,,MEUR/PJ,interpolated,29.05.2024,Konstantin Löffler <kl@wip.tu-berlin.de>
World,S_Battery_Redox,2027,72777.8,,MEUR/PJ,interpolated,29.05.2024,Konstantin Löffler <kl@wip.tu-berlin.de>
World,S_Battery_Redox,2028,71666.7,,MEUR/PJ,interpolated,29.05.2024,Konstantin Löffler <kl@wip.tu-berlin.de>
World,S_Battery_Redox,2029,70555.6,,MEUR/PJ,interpolated,29.05.2024,Konstantin Löffler <kl@wip.tu-berlin.de>
World,S_Battery_Redox,2031,70277.8,,MEUR/PJ,interpolated,29.05.2024,Konstantin Löffler <kl@wip.tu-berlin.de>
World,S_Battery_Redox,2032,71111.1,,MEUR/PJ,interpolated,29.05.2024,Konstantin Löffler <kl@wip.tu-berlin.de>
World,S_Battery_Redox,2033,71944.4,,MEUR/PJ,interpolated,29.05.2024,Konstantin Löffler <kl@wip.tu-berlin.de>
World,S_Battery_Redox,2034,72777.8,,MEUR/PJ,interpolated,29.05.2024,Konstantin Löffler <kl@wip.tu-berlin.de>
World,S_Battery_Redox,2036,73333.3,,MEUR/PJ,interpolated,29.05.2024,Konstantin Löffler <kl@wip.tu-berlin.de>
World,S_Battery_Redox,2037,73055.6,,MEUR/PJ,interpolated,29.05.2024,Konstantin Löffler <kl@wip.tu-berlin.de>
World,S_Battery_Redox,2038,72777.8,,MEUR/PJ,interpolated,29.05.2024,Konstantin Löffler <kl@wip.tu-berlin.de>
World,S_Battery_Redox,2039,72500,,MEUR/PJ,interpolated,29.05.2024,Konstantin Löffler <kl@wip.tu-berlin.de>
World,S_CAES,2026,1459.71,,MEUR/PJ,interpolated,29.05.2024,Konstantin Löffler <kl@wip.tu-berlin.de>
World,S_CAES,2027,1459.71,,MEUR/PJ,interpolated,29.05.2024,Konstantin Löffler <kl@wip.tu-berlin.de>
World,S_CAES,2028,1459.71,,MEUR/PJ,interpolated,29.05.2024,Konstantin Löffler <kl@wip.tu-berlin.de>
World,S_CAES,2029,1459.71,,MEUR/PJ,interpolated,29.05.2024,Konstantin Löffler <kl@wip.tu-berlin.de>
World,S_CAES,2031,1459.71,,MEUR/PJ,interpolated,29.05.2024,Konstantin Löffler <kl@wip.tu-berlin.de>
World,S_CAES,2032,1459.71,,MEUR/PJ,interpolated,29.05.2024,Konstantin Löffler <kl@wip.tu-berlin.de>
World,S_CAES,2033,1459.71,,MEUR/PJ,interpolated,29.05.2024,Konstantin Löffler <kl@wip.tu-berlin.de>
World,S_CAES,2034,1459.71,,MEUR/PJ,interpolated,29.05.2024,Konstantin Löffler <kl@wip.tu-berlin.de>
World,S_CAES,2036,1459.71,,MEUR/PJ,interpolated,29.05.2024,Konstantin Löffler <kl@wip.tu-berlin.de>
World,S_CAES,2037,1459.71,,MEUR/PJ,interpolated,29.05.2024,Konstantin Löffler <kl@wip.tu-berlin.de>
World,S_CAES,2038,1459.71,,MEUR/PJ,interpolated,29.05.2024,Konstantin Löffler <kl@wip.tu-berlin.de>
World,S_CAES,2039,1459.71,,MEUR/PJ,interpolated,29.05.2024,Konstantin Löffler <kl@wip.tu-berlin.de>
World,S_Gas_H2,2026,666.667,,MEUR/PJ,interpolated,29.05.2024,Konstantin Löffler <kl@wip.tu-berlin.de>
World,S_Gas_H2,2027,638.889,,MEUR/PJ,interpolated,29.05.2024,Konstantin Löffler <kl@wip.tu-berlin.de>
World,S_Gas_H2,2028,611.111,,MEUR/PJ,interpolated,29.05.2024,Konstantin Löffler <kl@wip.tu-berlin.de>
World,S_Gas_H2,2029,583.333,,MEUR/PJ,interpolated,29.05.2024,Konstantin Löffler <kl@wip.tu-berlin.de>
World,S_Gas_H2,2031,541.667,,MEUR/PJ,interpolated,29.05.2024,Konstantin Löffler <kl@wip.tu-berlin.de>
World,S_Gas_H2,2032,527.778,,MEUR/PJ,interpolated,29.05.2024,Konstantin Löffler <kl@wip.tu-berlin.de>
World,S_Gas_H2,2033,513.889,,MEUR/PJ,interpolated,29.05.2024,Konstantin Löffler <kl@wip.tu-berlin.de>
World,S_Gas_H2,2034,500,,MEUR/PJ,interpolated,29.05.2024,Konstantin Löffler <kl@wip.tu-berlin.de>
World,S_Gas_H2,2036,472.222,,MEUR/PJ,interpolated,29.05.2024,Konstantin Löffler <kl@wip.tu-berlin.de>
World,S_Gas_H2,2037,458.333,,MEUR/PJ,interpolated,29.05.2024,Konstantin Löffler <kl@wip.tu-berlin.de>
World,S_Gas_H2,2038,444.444,,MEUR/PJ,interpolated,29.05.2024,Konstantin Löffler <kl@wip.tu-berlin.de>
World,S_Gas_H2,2039,430.556,,MEUR/PJ,interpolated,29.05.2024,Konstantin Löffler <kl@wip.tu-berlin.de>
World,S_Gas_Methane,2026,12,,MEUR/PJ,interpolated,29.05.2024,Konstantin Löffler <kl@wip.tu-berlin.de>
World,S_Gas_Methane,2027,12,,MEUR/PJ,interpolated,29.05.2024,Konstantin Löffler <kl@wip.tu-berlin.de>
World,S_Gas_Methane,2028,12,,MEUR/PJ,interpolated,29.05.2024,Konstantin Löffler <kl@wip.tu-berlin.de>
World,S_Gas_Methane,2029,12,,MEUR/PJ,interpolated,29.05.2024,Konstantin Löffler <kl@wip.tu-berlin.de>
World,S_Gas_Methane,2031,12,,MEUR/PJ,interpolated,29.05.2024,Konstantin Löffler <kl@wip.tu-berlin.de>
World,S_Gas_Methane,2032,12,,MEUR/PJ,interpolated,29.05.2024,Konstantin Löffler <kl@wip.tu-berlin.de>
World,S_Gas_Methane,2033,12,,MEUR/PJ,interpolated,29.05.2024,Konstantin Löffler <kl@wip.tu-berlin.de>
World,S_Gas_Methane,2034,12,,MEUR/PJ,interpolated,29.05.2024,Konstantin Löffler <kl@wip.tu-berlin.de>
World,S_Gas_Methane,2036,12,,MEUR/PJ,interpolated,29.05.2024,Konstantin Löffler <kl@wip.tu-berlin.de>
World,S_Gas_Methane,2037,12,,MEUR/PJ,interpolated,29.05.2024,Konstantin Löffler <kl@wip.tu-berlin.de>
World,S_Gas_Methane,2038,12,,MEUR/PJ,interpolated,29.05.2024,Konstantin Löffler <kl@wip.tu-berlin.de>
World,S_Gas_Methane,2039,12,,MEUR/PJ,interpolated,29.05.2024,Konstantin Löffler <kl@wip.tu-berlin.de>
World,S_HLI_Tank_Large,2026,0.01,,MEUR/PJ,interpolated,26.11.2024,Stian Backe <stian.backe@sintef.no>
World,S_HLI_Tank_Large,2027,0.01,,MEUR/PJ,interpolated,26.11.2024,Stian Backe <stian.backe@sintef.no>
World,S_HLI_Tank_Large,2028,0.01,,MEUR/PJ,interpolated,26.11.2024,Stian Backe <stian.backe@sintef.no>
World,S_HLI_Tank_Large,2029,0.01,,MEUR/PJ,interpolated,26.11.2024,Stian Backe <stian.backe@sintef.no>
World,S_HLI_Tank_Large,2031,0.01,,MEUR/PJ,interpolated,26.11.2024,Stian Backe <stian.backe@sintef.no>
World,S_HLI_Tank_Large,2032,0.01,,MEUR/PJ,interpolated,26.11.2024,Stian Backe <stian.backe@sintef.no>
World,S_HLI_Tank_Large,2033,0.01,,MEUR/PJ,interpolated,26.11.2024,Stian Backe <stian.backe@sintef.no>
World,S_HLI_Tank_Large,2034,0.01,,MEUR/PJ,interpolated,26.11.2024,Stian Backe <stian.backe@sintef.no>
World,S_HLI_Tank_Large,2036,0.01,,MEUR/PJ,interpolated,26.11.2024,Stian Backe <stian.backe@sintef.no>
World,S_HLI_Tank_Large,2037,0.01,,MEUR/PJ,interpolated,26.11.2024,Stian Backe <stian.backe@sintef.no>
World,S_HLI_Tank_Large,2038,0.01,,MEUR/PJ,interpolated,26.11.2024,Stian Backe <stian.backe@sintef.no>
World,S_HLI_Tank_Large,2039,0.01,,MEUR/PJ,interpolated,26.11.2024,Stian Backe <stian.backe@sintef.no>
World,S_HB_Tank_Small,2026,0.01,,MEUR/PJ,interpolated,26.11.2024,Stian Backe <stian.backe@sintef.no>
World,S_HB_Tank_Small,2027,0.01,,MEUR/PJ,interpolated,26.11.2024,Stian Backe <stian.backe@sintef.no>
World,S_HB_Tank_Small,2028,0.01,,MEUR/PJ,interpolated,26.11.2024,Stian Backe <stian.backe@sintef.no>
World,S_HB_Tank_Small,2029,0.01,,MEUR/PJ,interpolated,26.11.2024,Stian Backe <stian.backe@sintef.no>
World,S_HB_Tank_Small,2031,0.01,,MEUR/PJ,interpolated,26.11.2024,Stian Backe <stian.backe@sintef.no>
World,S_HB_Tank_Small,2032,0.01,,MEUR/PJ,interpolated,26.11.2024,Stian Backe <stian.backe@sintef.no>
World,S_HB_Tank_Small,2033,0.01,,MEUR/PJ,interpolated,26.11.2024,Stian Backe <stian.backe@sintef.no>
World,S_HB_Tank_Small,2034,0.01,,MEUR/PJ,interpolated,26.11.2024,Stian Backe <stian.backe@sintef.no>
World,S_HB_Tank_Small,2036,0.01,,MEUR/PJ,interpolated,26.11.2024,Stian Backe <stian.backe@sintef.no>
World,S_HB_Tank_Small,2037,0.01,,MEUR/PJ,interpolated,26.11.2024,Stian Backe <stian.backe@sintef.no>
World,S_HB_Tank_Small,2038,0.01,,MEUR/PJ,interpolated,26.11.2024,Stian Backe <stian.backe@sintef.no>
World,S_HB_Tank_Small,2039,0.01,,MEUR/PJ,interpolated,26.11.2024,Stian Backe <stian.backe@sintef.no>
World,S_HD_Pit,2026,0.01,,MEUR/PJ,interpolated,26.11.2024,Stian Backe <stian.backe@sintef.no>
World,S_HD_Pit,2027,0.01,,MEUR/PJ,interpolated,26.11.2024,Stian Backe <stian.backe@sintef.no>
World,S_HD_Pit,2028,0.01,,MEUR/PJ,interpolated,26.11.2024,Stian Backe <stian.backe@sintef.no>
World,S_HD_Pit,2029,0.01,,MEUR/PJ,interpolated,26.11.2024,Stian Backe <stian.backe@sintef.no>
World,S_HD_Pit,2031,0.01,,MEUR/PJ,interpolated,26.11.2024,Stian Backe <stian.backe@sintef.no>
World,S_HD_Pit,2032,0.01,,MEUR/PJ,interpolated,26.11.2024,Stian Backe <stian.backe@sintef.no>
World,S_HD_Pit,2033,0.01,,MEUR/PJ,interpolated,26.11.2024,Stian Backe <stian.backe@sintef.no>
World,S_HD_Pit,2034,0.01,,MEUR/PJ,interpolated,26.11.2024,Stian Backe <stian.backe@sintef.no>
World,S_HD_Pit,2036,0.01,,MEUR/PJ,interpolated,26.11.2024,Stian Backe <stian.backe@sintef.no>
World,S_HD_Pit,2037,0.01,,MEUR/PJ,interpolated,26.11.2024,Stian Backe <stian.backe@sintef.no>
World,S_HD_Pit,2038,0.01,,MEUR/PJ,interpolated,26.11.2024,Stian Backe <stian.backe@sintef.no>
World,S_HD_Pit,2039,0.01,,MEUR/PJ,interpolated,26.11.2024,Stian Backe <stian.backe@sintef.no>
