Region,Region2,Fuel,Year,Value,Unnamed: 5,Unit,Source,Updated at,Updated by
AT,DE,H2,2030,197.1,,PJ,TYNDP 2022 - Annex C2; NECPEssentials scenario overlay: TYNDP 2022 Annex C2 H2 backbone kept as policy assumption (moved from base 2026-07-30),2026-07-30,Julian Bornemann <jb@wip.tu-berlin.de>
AT,IT,H2,2030,165.564,,PJ,TYNDP 2022 - Annex C2; NECPEssentials scenario overlay: TYNDP 2022 Annex C2 H2 backbone kept as policy assumption (moved from base 2026-07-30),2026-07-30,Julian Bornemann <jb@wip.tu-berlin.de>
AT,SK,H2,2030,189.216,,PJ,TYNDP 2022 - Annex C2; NECPEssentials scenario overlay: TYNDP 2022 Annex C2 H2 backbone kept as policy assumption (moved from base 2026-07-30),2026-07-30,Julian Bornemann <jb@wip.tu-berlin.de>
AT,SI,H2,2035,21.681,,PJ,TYNDP 2022 - Annex C2; NECPEssentials scenario overlay: TYNDP 2022 Annex C2 H2 backbone kept as policy assumption (moved from base 2026-07-30),2026-07-30,Julian Bornemann <jb@wip.tu-berlin.de>
AT,SI,H2,2040,21.681,,PJ,TYNDP 2022 - Annex C2; NECPEssentials scenario overlay: TYNDP 2022 Annex C2 H2 backbone kept as policy assumption (moved from base 2026-07-30),2026-07-30,Julian Bornemann <jb@wip.tu-berlin.de>
BE,FR,H2,2030,141.912,,PJ,TYNDP 2022 - Annex C2; NECPEssentials scenario overlay: TYNDP 2022 Annex C2 H2 backbone kept as policy assumption (moved from base 2026-07-30),2026-07-30,Julian Bornemann <jb@wip.tu-berlin.de>
BE,DE,H2,2030,119.574,,PJ,TYNDP 2022 - Annex C2; NECPEssentials scenario overlay: TYNDP 2022 Annex C2 H2 backbone kept as policy assumption (moved from base 2026-07-30),2026-07-30,Julian Bornemann <jb@wip.tu-berlin.de>
BE,NL,H2,2030,63.072,,PJ,TYNDP 2022 - Annex C2; NECPEssentials scenario overlay: TYNDP 2022 Annex C2 H2 backbone kept as policy assumption (moved from base 2026-07-30),2026-07-30,Julian Bornemann <jb@wip.tu-berlin.de>
BE,NL,H2,2035,15.768,,PJ,TYNDP 2022 - Annex C2; NECPEssentials scenario overlay: TYNDP 2022 Annex C2 H2 backbone kept as policy assumption (moved from base 2026-07-30),2026-07-30,Julian Bornemann <jb@wip.tu-berlin.de>
BE,NL,H2,2040,15.768,,PJ,TYNDP 2022 - Annex C2; NECPEssentials scenario overlay: TYNDP 2022 Annex C2 H2 backbone kept as policy assumption (moved from base 2026-07-30),2026-07-30,Julian Bornemann <jb@wip.tu-berlin.de>
BE,NL,H2,2045,31.536,,PJ,TYNDP 2022 - Annex C2; NECPEssentials scenario overlay: TYNDP 2022 Annex C2 H2 backbone kept as policy assumption (moved from base 2026-07-30),2026-07-30,Julian Bornemann <jb@wip.tu-berlin.de>
BE,NL,H2,2050,31.536,,PJ,TYNDP 2022 - Annex C2; NECPEssentials scenario overlay: TYNDP 2022 Annex C2 H2 backbone kept as policy assumption (moved from base 2026-07-30),2026-07-30,Julian Bornemann <jb@wip.tu-berlin.de>
BE,NL,H2,2055,31.536,,PJ,same as 2050 for now; NECPEssentials scenario overlay: TYNDP 2022 Annex C2 H2 backbone kept as policy assumption (moved from base 2026-07-30),2026-07-30,Nikita Moskalenko <nim@wip.tu-berlin.de>
BE,NL,H2,2060,31.536,,PJ,same as 2050 for now; NECPEssentials scenario overlay: TYNDP 2022 Annex C2 H2 backbone kept as policy assumption (moved from base 2026-07-30),2026-07-30,Nikita Moskalenko <nim@wip.tu-berlin.de>
BG,GR,H2,2030,105.076638,,PJ,TYNDP 2022 - Annex C2; NECPEssentials scenario overlay: TYNDP 2022 Annex C2 H2 backbone kept as policy assumption (moved from base 2026-07-30),2026-07-30,Julian Bornemann <jb@wip.tu-berlin.de>
BG,RO,H2,2030,23.29722,,PJ,TYNDP 2022 - Annex C2; NECPEssentials scenario overlay: TYNDP 2022 Annex C2 H2 backbone kept as policy assumption (moved from base 2026-07-30),2026-07-30,Julian Bornemann <jb@wip.tu-berlin.de>
BG,RO,H2,2035,61.101,,PJ,TYNDP 2022 - Annex C2; NECPEssentials scenario overlay: TYNDP 2022 Annex C2 H2 backbone kept as policy assumption (moved from base 2026-07-30),2026-07-30,Julian Bornemann <jb@wip.tu-berlin.de>
BG,RO,H2,2040,61.101,,PJ,TYNDP 2022 - Annex C2; NECPEssentials scenario overlay: TYNDP 2022 Annex C2 H2 backbone kept as policy assumption (moved from base 2026-07-30),2026-07-30,Julian Bornemann <jb@wip.tu-berlin.de>
CH,IT,H2,2030,177.39,,PJ,TYNDP 2022 - Annex C2; NECPEssentials scenario overlay: TYNDP 2022 Annex C2 H2 backbone kept as policy assumption (moved from base 2026-07-30),2026-07-30,Julian Bornemann <jb@wip.tu-berlin.de>
CZ,DE,H2,2030,189.216,,PJ,TYNDP 2022 - Annex C2; NECPEssentials scenario overlay: TYNDP 2022 Annex C2 H2 backbone kept as policy assumption (moved from base 2026-07-30),2026-07-30,Julian Bornemann <jb@wip.tu-berlin.de>
DE,AT,H2,2030,197.1,,PJ,TYNDP 2022 - Annex C2; NECPEssentials scenario overlay: TYNDP 2022 Annex C2 H2 backbone kept as policy assumption (moved from base 2026-07-30),2026-07-30,Julian Bornemann <jb@wip.tu-berlin.de>
DE,BE,H2,2030,119.574,,PJ,TYNDP 2022 - Annex C2; NECPEssentials scenario overlay: TYNDP 2022 Annex C2 H2 backbone kept as policy assumption (moved from base 2026-07-30),2026-07-30,Julian Bornemann <jb@wip.tu-berlin.de>
DE,CZ,H2,2030,113.004,,PJ,TYNDP 2022 - Annex C2; NECPEssentials scenario overlay: TYNDP 2022 Annex C2 H2 backbone kept as policy assumption (moved from base 2026-07-30),2026-07-30,Julian Bornemann <jb@wip.tu-berlin.de>
DE,DK,H2,2030,198.414,,PJ,TYNDP 2022 - Annex C2; NECPEssentials scenario overlay: TYNDP 2022 Annex C2 H2 backbone kept as policy assumption (moved from base 2026-07-30),2026-07-30,Julian Bornemann <jb@wip.tu-berlin.de>
DE,FI,H2,2030,662.256,,PJ,TYNDP 2022 - Annex C2; NECPEssentials scenario overlay: TYNDP 2022 Annex C2 H2 backbone kept as policy assumption (moved from base 2026-07-30),2026-07-30,Julian Bornemann <jb@wip.tu-berlin.de>
DE,FR,H2,2030,252.288,,PJ,TYNDP 2022 - Annex C2; NECPEssentials scenario overlay: TYNDP 2022 Annex C2 H2 backbone kept as policy assumption (moved from base 2026-07-30),2026-07-30,Julian Bornemann <jb@wip.tu-berlin.de>
DE,NL,H2,2030,15.768,,PJ,TYNDP 2022 - Annex C2; NECPEssentials scenario overlay: TYNDP 2022 Annex C2 H2 backbone kept as policy assumption (moved from base 2026-07-30),2026-07-30,Julian Bornemann <jb@wip.tu-berlin.de>
DE,PL,H2,2030,131.4,,PJ,TYNDP 2022 - Annex C2; NECPEssentials scenario overlay: TYNDP 2022 Annex C2 H2 backbone kept as policy assumption (moved from base 2026-07-30),2026-07-30,Julian Bornemann <jb@wip.tu-berlin.de>
DE,CZ,H2,2035,38.106,,PJ,TYNDP 2022 - Annex C2; NECPEssentials scenario overlay: TYNDP 2022 Annex C2 H2 backbone kept as policy assumption (moved from base 2026-07-30),2026-07-30,Julian Bornemann <jb@wip.tu-berlin.de>
DE,DK,H2,2035,91.323,,PJ,TYNDP 2022 - Annex C2; NECPEssentials scenario overlay: TYNDP 2022 Annex C2 H2 backbone kept as policy assumption (moved from base 2026-07-30),2026-07-30,Julian Bornemann <jb@wip.tu-berlin.de>
DE,CZ,H2,2040,38.106,,PJ,TYNDP 2022 - Annex C2; NECPEssentials scenario overlay: TYNDP 2022 Annex C2 H2 backbone kept as policy assumption (moved from base 2026-07-30),2026-07-30,Julian Bornemann <jb@wip.tu-berlin.de>
DE,DK,H2,2040,91.323,,PJ,TYNDP 2022 - Annex C2; NECPEssentials scenario overlay: TYNDP 2022 Annex C2 H2 backbone kept as policy assumption (moved from base 2026-07-30),2026-07-30,Julian Bornemann <jb@wip.tu-berlin.de>
DK,DE,H2,2030,198.414,,PJ,TYNDP 2022 - Annex C2; NECPEssentials scenario overlay: TYNDP 2022 Annex C2 H2 backbone kept as policy assumption (moved from base 2026-07-30),2026-07-30,Julian Bornemann <jb@wip.tu-berlin.de>
DK,DE,H2,2035,91.323,,PJ,TYNDP 2022 - Annex C2; NECPEssentials scenario overlay: TYNDP 2022 Annex C2 H2 backbone kept as policy assumption (moved from base 2026-07-30),2026-07-30,Julian Bornemann <jb@wip.tu-berlin.de>
DK,DE,H2,2040,91.323,,PJ,TYNDP 2022 - Annex C2; NECPEssentials scenario overlay: TYNDP 2022 Annex C2 H2 backbone kept as policy assumption (moved from base 2026-07-30),2026-07-30,Julian Bornemann <jb@wip.tu-berlin.de>
EE,FI,H2,2030,131.4,,PJ,TYNDP 2022 - Annex C2; NECPEssentials scenario overlay: TYNDP 2022 Annex C2 H2 backbone kept as policy assumption (moved from base 2026-07-30),2026-07-30,Julian Bornemann <jb@wip.tu-berlin.de>
EE,LV,H2,2030,262.8,,PJ,TYNDP 2022 - Annex C2; NECPEssentials scenario overlay: TYNDP 2022 Annex C2 H2 backbone kept as policy assumption (moved from base 2026-07-30),2026-07-30,Julian Bornemann <jb@wip.tu-berlin.de>
ES,FR,H2,2030,283.824,,PJ,TYNDP 2022 - Annex C2; NECPEssentials scenario overlay: TYNDP 2022 Annex C2 H2 backbone kept as policy assumption (moved from base 2026-07-30),2026-07-30,Julian Bornemann <jb@wip.tu-berlin.de>
ES,PT,H2,2030,106.434,,PJ,TYNDP 2022 - Annex C2; NECPEssentials scenario overlay: TYNDP 2022 Annex C2 H2 backbone kept as policy assumption (moved from base 2026-07-30),2026-07-30,Julian Bornemann <jb@wip.tu-berlin.de>
ES,IT,H2,2035,210.24,,PJ,TYNDP 2022 - Annex C2; NECPEssentials scenario overlay: TYNDP 2022 Annex C2 H2 backbone kept as policy assumption (moved from base 2026-07-30),2026-07-30,Julian Bornemann <jb@wip.tu-berlin.de>
ES,IT,H2,2040,210.24,,PJ,TYNDP 2022 - Annex C2; NECPEssentials scenario overlay: TYNDP 2022 Annex C2 H2 backbone kept as policy assumption (moved from base 2026-07-30),2026-07-30,Julian Bornemann <jb@wip.tu-berlin.de>
FI,EE,H2,2030,262.8,,PJ,TYNDP 2022 - Annex C2; NECPEssentials scenario overlay: TYNDP 2022 Annex C2 H2 backbone kept as policy assumption (moved from base 2026-07-30),2026-07-30,Julian Bornemann <jb@wip.tu-berlin.de>
FI,DE,H2,2030,662.256,,PJ,TYNDP 2022 - Annex C2; NECPEssentials scenario overlay: TYNDP 2022 Annex C2 H2 backbone kept as policy assumption (moved from base 2026-07-30),2026-07-30,Julian Bornemann <jb@wip.tu-berlin.de>
FI,SE,H2,2030,875.124,,PJ,TYNDP 2022 - Annex C2; NECPEssentials scenario overlay: TYNDP 2022 Annex C2 H2 backbone kept as policy assumption (moved from base 2026-07-30),2026-07-30,Julian Bornemann <jb@wip.tu-berlin.de>
FR,BE,H2,2030,141.912,,PJ,TYNDP 2022 - Annex C2; NECPEssentials scenario overlay: TYNDP 2022 Annex C2 H2 backbone kept as policy assumption (moved from base 2026-07-30),2026-07-30,Julian Bornemann <jb@wip.tu-berlin.de>
FR,DE,H2,2030,268.056,,PJ,TYNDP 2022 - Annex C2; NECPEssentials scenario overlay: TYNDP 2022 Annex C2 H2 backbone kept as policy assumption (moved from base 2026-07-30),2026-07-30,Julian Bornemann <jb@wip.tu-berlin.de>
FR,ES,H2,2030,283.824,,PJ,TYNDP 2022 - Annex C2; NECPEssentials scenario overlay: TYNDP 2022 Annex C2 H2 backbone kept as policy assumption (moved from base 2026-07-30),2026-07-30,Julian Bornemann <jb@wip.tu-berlin.de>
GR,BG,H2,2030,99.217512,,PJ,TYNDP 2022 - Annex C2; NECPEssentials scenario overlay: TYNDP 2022 Annex C2 H2 backbone kept as policy assumption (moved from base 2026-07-30),2026-07-30,Julian Bornemann <jb@wip.tu-berlin.de>
HR,HU,H2,2035,84.3588,,PJ,TYNDP 2022 - Annex C2; NECPEssentials scenario overlay: TYNDP 2022 Annex C2 H2 backbone kept as policy assumption (moved from base 2026-07-30),2026-07-30,Julian Bornemann <jb@wip.tu-berlin.de>
HR,SI,H2,2035,10.512,,PJ,TYNDP 2022 - Annex C2; NECPEssentials scenario overlay: TYNDP 2022 Annex C2 H2 backbone kept as policy assumption (moved from base 2026-07-30),2026-07-30,Julian Bornemann <jb@wip.tu-berlin.de>
HR,HU,H2,2040,84.3588,,PJ,TYNDP 2022 - Annex C2; NECPEssentials scenario overlay: TYNDP 2022 Annex C2 H2 backbone kept as policy assumption (moved from base 2026-07-30),2026-07-30,Julian Bornemann <jb@wip.tu-berlin.de>
HR,SI,H2,2040,10.512,,PJ,TYNDP 2022 - Annex C2; NECPEssentials scenario overlay: TYNDP 2022 Annex C2 H2 backbone kept as policy assumption (moved from base 2026-07-30),2026-07-30,Julian Bornemann <jb@wip.tu-berlin.de>
HU,RO,H2,2030,100.9152,,PJ,TYNDP 2022 - Annex C2; NECPEssentials scenario overlay: TYNDP 2022 Annex C2 H2 backbone kept as policy assumption (moved from base 2026-07-30),2026-07-30,Julian Bornemann <jb@wip.tu-berlin.de>
HU,SK,H2,2030,131.4,,PJ,TYNDP 2022 - Annex C2; NECPEssentials scenario overlay: TYNDP 2022 Annex C2 H2 backbone kept as policy assumption (moved from base 2026-07-30),2026-07-30,Julian Bornemann <jb@wip.tu-berlin.de>
HU,HR,H2,2035,84.3588,,PJ,TYNDP 2022 - Annex C2; NECPEssentials scenario overlay: TYNDP 2022 Annex C2 H2 backbone kept as policy assumption (moved from base 2026-07-30),2026-07-30,Julian Bornemann <jb@wip.tu-berlin.de>
HU,RO,H2,2035,50.4576,,PJ,TYNDP 2022 - Annex C2; NECPEssentials scenario overlay: TYNDP 2022 Annex C2 H2 backbone kept as policy assumption (moved from base 2026-07-30),2026-07-30,Julian Bornemann <jb@wip.tu-berlin.de>
HU,SK,H2,2035,65.7,,PJ,TYNDP 2022 - Annex C2; NECPEssentials scenario overlay: TYNDP 2022 Annex C2 H2 backbone kept as policy assumption (moved from base 2026-07-30),2026-07-30,Julian Bornemann <jb@wip.tu-berlin.de>
HU,SI,H2,2035,12.8772,,PJ,TYNDP 2022 - Annex C2; NECPEssentials scenario overlay: TYNDP 2022 Annex C2 H2 backbone kept as policy assumption (moved from base 2026-07-30),2026-07-30,Julian Bornemann <jb@wip.tu-berlin.de>
HU,HR,H2,2040,84.3588,,PJ,TYNDP 2022 - Annex C2; NECPEssentials scenario overlay: TYNDP 2022 Annex C2 H2 backbone kept as policy assumption (moved from base 2026-07-30),2026-07-30,Julian Bornemann <jb@wip.tu-berlin.de>
HU,RO,H2,2040,50.4576,,PJ,TYNDP 2022 - Annex C2; NECPEssentials scenario overlay: TYNDP 2022 Annex C2 H2 backbone kept as policy assumption (moved from base 2026-07-30),2026-07-30,Julian Bornemann <jb@wip.tu-berlin.de>
HU,SK,H2,2040,65.7,,PJ,TYNDP 2022 - Annex C2; NECPEssentials scenario overlay: TYNDP 2022 Annex C2 H2 backbone kept as policy assumption (moved from base 2026-07-30),2026-07-30,Julian Bornemann <jb@wip.tu-berlin.de>
HU,SI,H2,2040,12.8772,,PJ,TYNDP 2022 - Annex C2; NECPEssentials scenario overlay: TYNDP 2022 Annex C2 H2 backbone kept as policy assumption (moved from base 2026-07-30),2026-07-30,Julian Bornemann <jb@wip.tu-berlin.de>
IT,AT,H2,2030,220.752,,PJ,TYNDP 2022 - Annex C2; NECPEssentials scenario overlay: TYNDP 2022 Annex C2 H2 backbone kept as policy assumption (moved from base 2026-07-30),2026-07-30,Julian Bornemann <jb@wip.tu-berlin.de>
IT,CH,H2,2030,115.632,,PJ,TYNDP 2022 - Annex C2; NECPEssentials scenario overlay: TYNDP 2022 Annex C2 H2 backbone kept as policy assumption (moved from base 2026-07-30),2026-07-30,Julian Bornemann <jb@wip.tu-berlin.de>
IT,SI,H2,2035,12.8772,,PJ,TYNDP 2022 - Annex C2; NECPEssentials scenario overlay: TYNDP 2022 Annex C2 H2 backbone kept as policy assumption (moved from base 2026-07-30),2026-07-30,Julian Bornemann <jb@wip.tu-berlin.de>
IT,SI,H2,2040,12.8772,,PJ,TYNDP 2022 - Annex C2; NECPEssentials scenario overlay: TYNDP 2022 Annex C2 H2 backbone kept as policy assumption (moved from base 2026-07-30),2026-07-30,Julian Bornemann <jb@wip.tu-berlin.de>
LT,LV,H2,2030,131.4,,PJ,TYNDP 2022 - Annex C2; NECPEssentials scenario overlay: TYNDP 2022 Annex C2 H2 backbone kept as policy assumption (moved from base 2026-07-30),2026-07-30,Julian Bornemann <jb@wip.tu-berlin.de>
LT,PL,H2,2030,262.8,,PJ,TYNDP 2022 - Annex C2; NECPEssentials scenario overlay: TYNDP 2022 Annex C2 H2 backbone kept as policy assumption (moved from base 2026-07-30),2026-07-30,Julian Bornemann <jb@wip.tu-berlin.de>
LV,EE,H2,2030,131.4,,PJ,TYNDP 2022 - Annex C2; NECPEssentials scenario overlay: TYNDP 2022 Annex C2 H2 backbone kept as policy assumption (moved from base 2026-07-30),2026-07-30,Julian Bornemann <jb@wip.tu-berlin.de>
LV,LT,H2,2030,262.8,,PJ,TYNDP 2022 - Annex C2; NECPEssentials scenario overlay: TYNDP 2022 Annex C2 H2 backbone kept as policy assumption (moved from base 2026-07-30),2026-07-30,Julian Bornemann <jb@wip.tu-berlin.de>
NL,BE,H2,2030,63.072,,PJ,TYNDP 2022 - Annex C2; NECPEssentials scenario overlay: TYNDP 2022 Annex C2 H2 backbone kept as policy assumption (moved from base 2026-07-30),2026-07-30,Julian Bornemann <jb@wip.tu-berlin.de>
NL,DE,H2,2030,492.75,,PJ,TYNDP 2022 - Annex C2; NECPEssentials scenario overlay: TYNDP 2022 Annex C2 H2 backbone kept as policy assumption (moved from base 2026-07-30),2026-07-30,Julian Bornemann <jb@wip.tu-berlin.de>
NL,BE,H2,2035,15.768,,PJ,TYNDP 2022 - Annex C2; NECPEssentials scenario overlay: TYNDP 2022 Annex C2 H2 backbone kept as policy assumption (moved from base 2026-07-30),2026-07-30,Julian Bornemann <jb@wip.tu-berlin.de>
NL,BE,H2,2040,15.768,,PJ,TYNDP 2022 - Annex C2; NECPEssentials scenario overlay: TYNDP 2022 Annex C2 H2 backbone kept as policy assumption (moved from base 2026-07-30),2026-07-30,Julian Bornemann <jb@wip.tu-berlin.de>
NL,BE,H2,2045,31.536,,PJ,TYNDP 2022 - Annex C2; NECPEssentials scenario overlay: TYNDP 2022 Annex C2 H2 backbone kept as policy assumption (moved from base 2026-07-30),2026-07-30,Julian Bornemann <jb@wip.tu-berlin.de>
NL,BE,H2,2050,31.536,,PJ,TYNDP 2022 - Annex C2; NECPEssentials scenario overlay: TYNDP 2022 Annex C2 H2 backbone kept as policy assumption (moved from base 2026-07-30),2026-07-30,Julian Bornemann <jb@wip.tu-berlin.de>
NL,BE,H2,2055,31.536,,PJ,same as 2050 for now; NECPEssentials scenario overlay: TYNDP 2022 Annex C2 H2 backbone kept as policy assumption (moved from base 2026-07-30),2026-07-30,Nikita Moskalenko <nim@wip.tu-berlin.de>
NL,BE,H2,2060,31.536,,PJ,same as 2050 for now; NECPEssentials scenario overlay: TYNDP 2022 Annex C2 H2 backbone kept as policy assumption (moved from base 2026-07-30),2026-07-30,Nikita Moskalenko <nim@wip.tu-berlin.de>
NO,DE,H2,2030,543.996,,PJ,TYNDP 2022 - Annex C2; NECPEssentials scenario overlay: TYNDP 2022 Annex C2 H2 backbone kept as policy assumption (moved from base 2026-07-30),2026-07-30,Julian Bornemann <jb@wip.tu-berlin.de>
PL,DE,H2,2030,262.8,,PJ,TYNDP 2022 - Annex C2; NECPEssentials scenario overlay: TYNDP 2022 Annex C2 H2 backbone kept as policy assumption (moved from base 2026-07-30),2026-07-30,Julian Bornemann <jb@wip.tu-berlin.de>
PL,LT,H2,2030,131.4,,PJ,TYNDP 2022 - Annex C2; NECPEssentials scenario overlay: TYNDP 2022 Annex C2 H2 backbone kept as policy assumption (moved from base 2026-07-30),2026-07-30,Julian Bornemann <jb@wip.tu-berlin.de>
PT,ES,H2,2030,106.434,,PJ,TYNDP 2022 - Annex C2; NECPEssentials scenario overlay: TYNDP 2022 Annex C2 H2 backbone kept as policy assumption (moved from base 2026-07-30),2026-07-30,Julian Bornemann <jb@wip.tu-berlin.de>
RO,BG,H2,2030,23.29722,,PJ,TYNDP 2022 - Annex C2; NECPEssentials scenario overlay: TYNDP 2022 Annex C2 H2 backbone kept as policy assumption (moved from base 2026-07-30),2026-07-30,Julian Bornemann <jb@wip.tu-berlin.de>
RO,HU,H2,2030,100.9152,,PJ,TYNDP 2022 - Annex C2; NECPEssentials scenario overlay: TYNDP 2022 Annex C2 H2 backbone kept as policy assumption (moved from base 2026-07-30),2026-07-30,Julian Bornemann <jb@wip.tu-berlin.de>
RO,BG,H2,2035,61.101,,PJ,TYNDP 2022 - Annex C2; NECPEssentials scenario overlay: TYNDP 2022 Annex C2 H2 backbone kept as policy assumption (moved from base 2026-07-30),2026-07-30,Julian Bornemann <jb@wip.tu-berlin.de>
RO,HU,H2,2035,50.4576,,PJ,TYNDP 2022 - Annex C2; NECPEssentials scenario overlay: TYNDP 2022 Annex C2 H2 backbone kept as policy assumption (moved from base 2026-07-30),2026-07-30,Julian Bornemann <jb@wip.tu-berlin.de>
RO,BG,H2,2040,61.101,,PJ,TYNDP 2022 - Annex C2; NECPEssentials scenario overlay: TYNDP 2022 Annex C2 H2 backbone kept as policy assumption (moved from base 2026-07-30),2026-07-30,Julian Bornemann <jb@wip.tu-berlin.de>
RO,HU,H2,2040,50.4576,,PJ,TYNDP 2022 - Annex C2; NECPEssentials scenario overlay: TYNDP 2022 Annex C2 H2 backbone kept as policy assumption (moved from base 2026-07-30),2026-07-30,Julian Bornemann <jb@wip.tu-berlin.de>
SE,FI,H2,2030,875.124,,PJ,TYNDP 2022 - Annex C2; NECPEssentials scenario overlay: TYNDP 2022 Annex C2 H2 backbone kept as policy assumption (moved from base 2026-07-30),2026-07-30,Julian Bornemann <jb@wip.tu-berlin.de>
SI,AT,H2,2035,10.512,,PJ,TYNDP 2022 - Annex C2; NECPEssentials scenario overlay: TYNDP 2022 Annex C2 H2 backbone kept as policy assumption (moved from base 2026-07-30),2026-07-30,Julian Bornemann <jb@wip.tu-berlin.de>
SI,HR,H2,2035,21.681,,PJ,TYNDP 2022 - Annex C2; NECPEssentials scenario overlay: TYNDP 2022 Annex C2 H2 backbone kept as policy assumption (moved from base 2026-07-30),2026-07-30,Julian Bornemann <jb@wip.tu-berlin.de>
SI,HU,H2,2035,12.8772,,PJ,TYNDP 2022 - Annex C2; NECPEssentials scenario overlay: TYNDP 2022 Annex C2 H2 backbone kept as policy assumption (moved from base 2026-07-30),2026-07-30,Julian Bornemann <jb@wip.tu-berlin.de>
SI,IT,H2,2035,12.8772,,PJ,TYNDP 2022 - Annex C2; NECPEssentials scenario overlay: TYNDP 2022 Annex C2 H2 backbone kept as policy assumption (moved from base 2026-07-30),2026-07-30,Julian Bornemann <jb@wip.tu-berlin.de>
SI,AT,H2,2040,10.512,,PJ,TYNDP 2022 - Annex C2; NECPEssentials scenario overlay: TYNDP 2022 Annex C2 H2 backbone kept as policy assumption (moved from base 2026-07-30),2026-07-30,Julian Bornemann <jb@wip.tu-berlin.de>
SI,HR,H2,2040,21.681,,PJ,TYNDP 2022 - Annex C2; NECPEssentials scenario overlay: TYNDP 2022 Annex C2 H2 backbone kept as policy assumption (moved from base 2026-07-30),2026-07-30,Julian Bornemann <jb@wip.tu-berlin.de>
SI,HU,H2,2040,12.8772,,PJ,TYNDP 2022 - Annex C2; NECPEssentials scenario overlay: TYNDP 2022 Annex C2 H2 backbone kept as policy assumption (moved from base 2026-07-30),2026-07-30,Julian Bornemann <jb@wip.tu-berlin.de>
SI,IT,H2,2040,12.8772,,PJ,TYNDP 2022 - Annex C2; NECPEssentials scenario overlay: TYNDP 2022 Annex C2 H2 backbone kept as policy assumption (moved from base 2026-07-30),2026-07-30,Julian Bornemann <jb@wip.tu-berlin.de>
SK,AT,H2,2030,189.216,,PJ,TYNDP 2022 - Annex C2; NECPEssentials scenario overlay: TYNDP 2022 Annex C2 H2 backbone kept as policy assumption (moved from base 2026-07-30),2026-07-30,Julian Bornemann <jb@wip.tu-berlin.de>
SK,CZ,H2,2030,189.216,,PJ,TYNDP 2022 - Annex C2; NECPEssentials scenario overlay: TYNDP 2022 Annex C2 H2 backbone kept as policy assumption (moved from base 2026-07-30),2026-07-30,Julian Bornemann <jb@wip.tu-berlin.de>
SK,HU,H2,2030,131.4,,PJ,TYNDP 2022 - Annex C2; NECPEssentials scenario overlay: TYNDP 2022 Annex C2 H2 backbone kept as policy assumption (moved from base 2026-07-30),2026-07-30,Julian Bornemann <jb@wip.tu-berlin.de>
SK,HU,H2,2035,65.7,,PJ,TYNDP 2022 - Annex C2; NECPEssentials scenario overlay: TYNDP 2022 Annex C2 H2 backbone kept as policy assumption (moved from base 2026-07-30),2026-07-30,Julian Bornemann <jb@wip.tu-berlin.de>
SK,HU,H2,2040,65.7,,PJ,TYNDP 2022 - Annex C2; NECPEssentials scenario overlay: TYNDP 2022 Annex C2 H2 backbone kept as policy assumption (moved from base 2026-07-30),2026-07-30,Julian Bornemann <jb@wip.tu-berlin.de>
AT,DE,H2,2031,157.68,,PJ,interpolated; NECPEssentials scenario overlay: TYNDP 2022 Annex C2 H2 backbone kept as policy assumption (moved from base 2026-07-30),2026-07-30,Julian Bornemann <jb@wip.tu-berlin.de>
AT,DE,H2,2032,118.26,,PJ,interpolated; NECPEssentials scenario overlay: TYNDP 2022 Annex C2 H2 backbone kept as policy assumption (moved from base 2026-07-30),2026-07-30,Julian Bornemann <jb@wip.tu-berlin.de>
AT,DE,H2,2033,78.84,,PJ,interpolated; NECPEssentials scenario overlay: TYNDP 2022 Annex C2 H2 backbone kept as policy assumption (moved from base 2026-07-30),2026-07-30,Julian Bornemann <jb@wip.tu-berlin.de>
AT,DE,H2,2034,39.42,,PJ,interpolated; NECPEssentials scenario overlay: TYNDP 2022 Annex C2 H2 backbone kept as policy assumption (moved from base 2026-07-30),2026-07-30,Julian Bornemann <jb@wip.tu-berlin.de>
AT,IT,H2,2031,132.451,,PJ,interpolated; NECPEssentials scenario overlay: TYNDP 2022 Annex C2 H2 backbone kept as policy assumption (moved from base 2026-07-30),2026-07-30,Julian Bornemann <jb@wip.tu-berlin.de>
AT,IT,H2,2032,99.3384,,PJ,interpolated; NECPEssentials scenario overlay: TYNDP 2022 Annex C2 H2 backbone kept as policy assumption (moved from base 2026-07-30),2026-07-30,Julian Bornemann <jb@wip.tu-berlin.de>
AT,IT,H2,2033,66.2256,,PJ,interpolated; NECPEssentials scenario overlay: TYNDP 2022 Annex C2 H2 backbone kept as policy assumption (moved from base 2026-07-30),2026-07-30,Julian Bornemann <jb@wip.tu-berlin.de>
AT,IT,H2,2034,33.1128,,PJ,interpolated; NECPEssentials scenario overlay: TYNDP 2022 Annex C2 H2 backbone kept as policy assumption (moved from base 2026-07-30),2026-07-30,Julian Bornemann <jb@wip.tu-berlin.de>
AT,SK,H2,2031,151.373,,PJ,interpolated; NECPEssentials scenario overlay: TYNDP 2022 Annex C2 H2 backbone kept as policy assumption (moved from base 2026-07-30),2026-07-30,Julian Bornemann <jb@wip.tu-berlin.de>
AT,SK,H2,2032,113.53,,PJ,interpolated; NECPEssentials scenario overlay: TYNDP 2022 Annex C2 H2 backbone kept as policy assumption (moved from base 2026-07-30),2026-07-30,Julian Bornemann <jb@wip.tu-berlin.de>
AT,SK,H2,2033,75.6864,,PJ,interpolated; NECPEssentials scenario overlay: TYNDP 2022 Annex C2 H2 backbone kept as policy assumption (moved from base 2026-07-30),2026-07-30,Julian Bornemann <jb@wip.tu-berlin.de>
AT,SK,H2,2034,37.8432,,PJ,interpolated; NECPEssentials scenario overlay: TYNDP 2022 Annex C2 H2 backbone kept as policy assumption (moved from base 2026-07-30),2026-07-30,Julian Bornemann <jb@wip.tu-berlin.de>
AT,SI,H2,2031,4.3362,,PJ,interpolated; NECPEssentials scenario overlay: TYNDP 2022 Annex C2 H2 backbone kept as policy assumption (moved from base 2026-07-30),2026-07-30,Julian Bornemann <jb@wip.tu-berlin.de>
AT,SI,H2,2032,8.6724,,PJ,interpolated; NECPEssentials scenario overlay: TYNDP 2022 Annex C2 H2 backbone kept as policy assumption (moved from base 2026-07-30),2026-07-30,Julian Bornemann <jb@wip.tu-berlin.de>
AT,SI,H2,2033,13.0086,,PJ,interpolated; NECPEssentials scenario overlay: TYNDP 2022 Annex C2 H2 backbone kept as policy assumption (moved from base 2026-07-30),2026-07-30,Julian Bornemann <jb@wip.tu-berlin.de>
AT,SI,H2,2034,17.3448,,PJ,interpolated; NECPEssentials scenario overlay: TYNDP 2022 Annex C2 H2 backbone kept as policy assumption (moved from base 2026-07-30),2026-07-30,Julian Bornemann <jb@wip.tu-berlin.de>
AT,SI,H2,2036,21.681,,PJ,interpolated; NECPEssentials scenario overlay: TYNDP 2022 Annex C2 H2 backbone kept as policy assumption (moved from base 2026-07-30),2026-07-30,Julian Bornemann <jb@wip.tu-berlin.de>
AT,SI,H2,2037,21.681,,PJ,interpolated; NECPEssentials scenario overlay: TYNDP 2022 Annex C2 H2 backbone kept as policy assumption (moved from base 2026-07-30),2026-07-30,Julian Bornemann <jb@wip.tu-berlin.de>
AT,SI,H2,2038,21.681,,PJ,interpolated; NECPEssentials scenario overlay: TYNDP 2022 Annex C2 H2 backbone kept as policy assumption (moved from base 2026-07-30),2026-07-30,Julian Bornemann <jb@wip.tu-berlin.de>
AT,SI,H2,2039,21.681,,PJ,interpolated; NECPEssentials scenario overlay: TYNDP 2022 Annex C2 H2 backbone kept as policy assumption (moved from base 2026-07-30),2026-07-30,Julian Bornemann <jb@wip.tu-berlin.de>
BE,FR,H2,2031,113.53,,PJ,interpolated; NECPEssentials scenario overlay: TYNDP 2022 Annex C2 H2 backbone kept as policy assumption (moved from base 2026-07-30),2026-07-30,Julian Bornemann <jb@wip.tu-berlin.de>
BE,FR,H2,2032,85.1472,,PJ,interpolated; NECPEssentials scenario overlay: TYNDP 2022 Annex C2 H2 backbone kept as policy assumption (moved from base 2026-07-30),2026-07-30,Julian Bornemann <jb@wip.tu-berlin.de>
BE,FR,H2,2033,56.7648,,PJ,interpolated; NECPEssentials scenario overlay: TYNDP 2022 Annex C2 H2 backbone kept as policy assumption (moved from base 2026-07-30),2026-07-30,Julian Bornemann <jb@wip.tu-berlin.de>
BE,FR,H2,2034,28.3824,,PJ,interpolated; NECPEssentials scenario overlay: TYNDP 2022 Annex C2 H2 backbone kept as policy assumption (moved from base 2026-07-30),2026-07-30,Julian Bornemann <jb@wip.tu-berlin.de>
BE,DE,H2,2031,95.6592,,PJ,interpolated; NECPEssentials scenario overlay: TYNDP 2022 Annex C2 H2 backbone kept as policy assumption (moved from base 2026-07-30),2026-07-30,Julian Bornemann <jb@wip.tu-berlin.de>
BE,DE,H2,2032,71.7444,,PJ,interpolated; NECPEssentials scenario overlay: TYNDP 2022 Annex C2 H2 backbone kept as policy assumption (moved from base 2026-07-30),2026-07-30,Julian Bornemann <jb@wip.tu-berlin.de>
BE,DE,H2,2033,47.8296,,PJ,interpolated; NECPEssentials scenario overlay: TYNDP 2022 Annex C2 H2 backbone kept as policy assumption (moved from base 2026-07-30),2026-07-30,Julian Bornemann <jb@wip.tu-berlin.de>
BE,DE,H2,2034,23.9148,,PJ,interpolated; NECPEssentials scenario overlay: TYNDP 2022 Annex C2 H2 backbone kept as policy assumption (moved from base 2026-07-30),2026-07-30,Julian Bornemann <jb@wip.tu-berlin.de>
BE,NL,H2,2031,53.6112,,PJ,interpolated; NECPEssentials scenario overlay: TYNDP 2022 Annex C2 H2 backbone kept as policy assumption (moved from base 2026-07-30),2026-07-30,Julian Bornemann <jb@wip.tu-berlin.de>
BE,NL,H2,2032,44.1504,,PJ,interpolated; NECPEssentials scenario overlay: TYNDP 2022 Annex C2 H2 backbone kept as policy assumption (moved from base 2026-07-30),2026-07-30,Julian Bornemann <jb@wip.tu-berlin.de>
BE,NL,H2,2033,34.6896,,PJ,interpolated; NECPEssentials scenario overlay: TYNDP 2022 Annex C2 H2 backbone kept as policy assumption (moved from base 2026-07-30),2026-07-30,Julian Bornemann <jb@wip.tu-berlin.de>
BE,NL,H2,2034,25.2288,,PJ,interpolated; NECPEssentials scenario overlay: TYNDP 2022 Annex C2 H2 backbone kept as policy assumption (moved from base 2026-07-30),2026-07-30,Julian Bornemann <jb@wip.tu-berlin.de>
BE,NL,H2,2036,15.768,,PJ,interpolated; NECPEssentials scenario overlay: TYNDP 2022 Annex C2 H2 backbone kept as policy assumption (moved from base 2026-07-30),2026-07-30,Julian Bornemann <jb@wip.tu-berlin.de>
BE,NL,H2,2037,15.768,,PJ,interpolated; NECPEssentials scenario overlay: TYNDP 2022 Annex C2 H2 backbone kept as policy assumption (moved from base 2026-07-30),2026-07-30,Julian Bornemann <jb@wip.tu-berlin.de>
BE,NL,H2,2038,15.768,,PJ,interpolated; NECPEssentials scenario overlay: TYNDP 2022 Annex C2 H2 backbone kept as policy assumption (moved from base 2026-07-30),2026-07-30,Julian Bornemann <jb@wip.tu-berlin.de>
BE,NL,H2,2039,15.768,,PJ,interpolated; NECPEssentials scenario overlay: TYNDP 2022 Annex C2 H2 backbone kept as policy assumption (moved from base 2026-07-30),2026-07-30,Julian Bornemann <jb@wip.tu-berlin.de>
BG,GR,H2,2031,84.0613,,PJ,interpolated; NECPEssentials scenario overlay: TYNDP 2022 Annex C2 H2 backbone kept as policy assumption (moved from base 2026-07-30),2026-07-30,Julian Bornemann <jb@wip.tu-berlin.de>
BG,GR,H2,2032,63.046,,PJ,interpolated; NECPEssentials scenario overlay: TYNDP 2022 Annex C2 H2 backbone kept as policy assumption (moved from base 2026-07-30),2026-07-30,Julian Bornemann <jb@wip.tu-berlin.de>
BG,GR,H2,2033,42.0307,,PJ,interpolated; NECPEssentials scenario overlay: TYNDP 2022 Annex C2 H2 backbone kept as policy assumption (moved from base 2026-07-30),2026-07-30,Julian Bornemann <jb@wip.tu-berlin.de>
BG,GR,H2,2034,21.0153,,PJ,interpolated; NECPEssentials scenario overlay: TYNDP 2022 Annex C2 H2 backbone kept as policy assumption (moved from base 2026-07-30),2026-07-30,Julian Bornemann <jb@wip.tu-berlin.de>
BG,RO,H2,2031,30.858,,PJ,interpolated; NECPEssentials scenario overlay: TYNDP 2022 Annex C2 H2 backbone kept as policy assumption (moved from base 2026-07-30),2026-07-30,Julian Bornemann <jb@wip.tu-berlin.de>
BG,RO,H2,2032,38.4187,,PJ,interpolated; NECPEssentials scenario overlay: TYNDP 2022 Annex C2 H2 backbone kept as policy assumption (moved from base 2026-07-30),2026-07-30,Julian Bornemann <jb@wip.tu-berlin.de>
BG,RO,H2,2033,45.9795,,PJ,interpolated; NECPEssentials scenario overlay: TYNDP 2022 Annex C2 H2 backbone kept as policy assumption (moved from base 2026-07-30),2026-07-30,Julian Bornemann <jb@wip.tu-berlin.de>
BG,RO,H2,2034,53.5402,,PJ,interpolated; NECPEssentials scenario overlay: TYNDP 2022 Annex C2 H2 backbone kept as policy assumption (moved from base 2026-07-30),2026-07-30,Julian Bornemann <jb@wip.tu-berlin.de>
BG,RO,H2,2036,61.101,,PJ,interpolated; NECPEssentials scenario overlay: TYNDP 2022 Annex C2 H2 backbone kept as policy assumption (moved from base 2026-07-30),2026-07-30,Julian Bornemann <jb@wip.tu-berlin.de>
BG,RO,H2,2037,61.101,,PJ,interpolated; NECPEssentials scenario overlay: TYNDP 2022 Annex C2 H2 backbone kept as policy assumption (moved from base 2026-07-30),2026-07-30,Julian Bornemann <jb@wip.tu-berlin.de>
BG,RO,H2,2038,61.101,,PJ,interpolated; NECPEssentials scenario overlay: TYNDP 2022 Annex C2 H2 backbone kept as policy assumption (moved from base 2026-07-30),2026-07-30,Julian Bornemann <jb@wip.tu-berlin.de>
BG,RO,H2,2039,61.101,,PJ,interpolated; NECPEssentials scenario overlay: TYNDP 2022 Annex C2 H2 backbone kept as policy assumption (moved from base 2026-07-30),2026-07-30,Julian Bornemann <jb@wip.tu-berlin.de>
CH,IT,H2,2031,141.912,,PJ,interpolated; NECPEssentials scenario overlay: TYNDP 2022 Annex C2 H2 backbone kept as policy assumption (moved from base 2026-07-30),2026-07-30,Julian Bornemann <jb@wip.tu-berlin.de>
CH,IT,H2,2032,106.434,,PJ,interpolated; NECPEssentials scenario overlay: TYNDP 2022 Annex C2 H2 backbone kept as policy assumption (moved from base 2026-07-30),2026-07-30,Julian Bornemann <jb@wip.tu-berlin.de>
CH,IT,H2,2033,70.956,,PJ,interpolated; NECPEssentials scenario overlay: TYNDP 2022 Annex C2 H2 backbone kept as policy assumption (moved from base 2026-07-30),2026-07-30,Julian Bornemann <jb@wip.tu-berlin.de>
CH,IT,H2,2034,35.478,,PJ,interpolated; NECPEssentials scenario overlay: TYNDP 2022 Annex C2 H2 backbone kept as policy assumption (moved from base 2026-07-30),2026-07-30,Julian Bornemann <jb@wip.tu-berlin.de>
CZ,DE,H2,2031,151.373,,PJ,interpolated; NECPEssentials scenario overlay: TYNDP 2022 Annex C2 H2 backbone kept as policy assumption (moved from base 2026-07-30),2026-07-30,Julian Bornemann <jb@wip.tu-berlin.de>
CZ,DE,H2,2032,113.53,,PJ,interpolated; NECPEssentials scenario overlay: TYNDP 2022 Annex C2 H2 backbone kept as policy assumption (moved from base 2026-07-30),2026-07-30,Julian Bornemann <jb@wip.tu-berlin.de>
CZ,DE,H2,2033,75.6864,,PJ,interpolated; NECPEssentials scenario overlay: TYNDP 2022 Annex C2 H2 backbone kept as policy assumption (moved from base 2026-07-30),2026-07-30,Julian Bornemann <jb@wip.tu-berlin.de>
CZ,DE,H2,2034,37.8432,,PJ,interpolated; NECPEssentials scenario overlay: TYNDP 2022 Annex C2 H2 backbone kept as policy assumption (moved from base 2026-07-30),2026-07-30,Julian Bornemann <jb@wip.tu-berlin.de>
DE,AT,H2,2031,157.68,,PJ,interpolated; NECPEssentials scenario overlay: TYNDP 2022 Annex C2 H2 backbone kept as policy assumption (moved from base 2026-07-30),2026-07-30,Julian Bornemann <jb@wip.tu-berlin.de>
DE,AT,H2,2032,118.26,,PJ,interpolated; NECPEssentials scenario overlay: TYNDP 2022 Annex C2 H2 backbone kept as policy assumption (moved from base 2026-07-30),2026-07-30,Julian Bornemann <jb@wip.tu-berlin.de>
DE,AT,H2,2033,78.84,,PJ,interpolated; NECPEssentials scenario overlay: TYNDP 2022 Annex C2 H2 backbone kept as policy assumption (moved from base 2026-07-30),2026-07-30,Julian Bornemann <jb@wip.tu-berlin.de>
DE,AT,H2,2034,39.42,,PJ,interpolated; NECPEssentials scenario overlay: TYNDP 2022 Annex C2 H2 backbone kept as policy assumption (moved from base 2026-07-30),2026-07-30,Julian Bornemann <jb@wip.tu-berlin.de>
DE,BE,H2,2031,95.6592,,PJ,interpolated; NECPEssentials scenario overlay: TYNDP 2022 Annex C2 H2 backbone kept as policy assumption (moved from base 2026-07-30),2026-07-30,Julian Bornemann <jb@wip.tu-berlin.de>
DE,BE,H2,2032,71.7444,,PJ,interpolated; NECPEssentials scenario overlay: TYNDP 2022 Annex C2 H2 backbone kept as policy assumption (moved from base 2026-07-30),2026-07-30,Julian Bornemann <jb@wip.tu-berlin.de>
DE,BE,H2,2033,47.8296,,PJ,interpolated; NECPEssentials scenario overlay: TYNDP 2022 Annex C2 H2 backbone kept as policy assumption (moved from base 2026-07-30),2026-07-30,Julian Bornemann <jb@wip.tu-berlin.de>
DE,BE,H2,2034,23.9148,,PJ,interpolated; NECPEssentials scenario overlay: TYNDP 2022 Annex C2 H2 backbone kept as policy assumption (moved from base 2026-07-30),2026-07-30,Julian Bornemann <jb@wip.tu-berlin.de>
DE,CZ,H2,2031,98.0244,,PJ,interpolated; NECPEssentials scenario overlay: TYNDP 2022 Annex C2 H2 backbone kept as policy assumption (moved from base 2026-07-30),2026-07-30,Julian Bornemann <jb@wip.tu-berlin.de>
DE,CZ,H2,2032,83.0448,,PJ,interpolated; NECPEssentials scenario overlay: TYNDP 2022 Annex C2 H2 backbone kept as policy assumption (moved from base 2026-07-30),2026-07-30,Julian Bornemann <jb@wip.tu-berlin.de>
DE,CZ,H2,2033,68.0652,,PJ,interpolated; NECPEssentials scenario overlay: TYNDP 2022 Annex C2 H2 backbone kept as policy assumption (moved from base 2026-07-30),2026-07-30,Julian Bornemann <jb@wip.tu-berlin.de>
DE,CZ,H2,2034,53.0856,,PJ,interpolated; NECPEssentials scenario overlay: TYNDP 2022 Annex C2 H2 backbone kept as policy assumption (moved from base 2026-07-30),2026-07-30,Julian Bornemann <jb@wip.tu-berlin.de>
DE,CZ,H2,2036,38.106,,PJ,interpolated; NECPEssentials scenario overlay: TYNDP 2022 Annex C2 H2 backbone kept as policy assumption (moved from base 2026-07-30),2026-07-30,Julian Bornemann <jb@wip.tu-berlin.de>
DE,CZ,H2,2037,38.106,,PJ,interpolated; NECPEssentials scenario overlay: TYNDP 2022 Annex C2 H2 backbone kept as policy assumption (moved from base 2026-07-30),2026-07-30,Julian Bornemann <jb@wip.tu-berlin.de>
DE,CZ,H2,2038,38.106,,PJ,interpolated; NECPEssentials scenario overlay: TYNDP 2022 Annex C2 H2 backbone kept as policy assumption (moved from base 2026-07-30),2026-07-30,Julian Bornemann <jb@wip.tu-berlin.de>
DE,CZ,H2,2039,38.106,,PJ,interpolated; NECPEssentials scenario overlay: TYNDP 2022 Annex C2 H2 backbone kept as policy assumption (moved from base 2026-07-30),2026-07-30,Julian Bornemann <jb@wip.tu-berlin.de>
DE,DK,H2,2031,176.996,,PJ,interpolated; NECPEssentials scenario overlay: TYNDP 2022 Annex C2 H2 backbone kept as policy assumption (moved from base 2026-07-30),2026-07-30,Julian Bornemann <jb@wip.tu-berlin.de>
DE,DK,H2,2032,155.578,,PJ,interpolated; NECPEssentials scenario overlay: TYNDP 2022 Annex C2 H2 backbone kept as policy assumption (moved from base 2026-07-30),2026-07-30,Julian Bornemann <jb@wip.tu-berlin.de>
DE,DK,H2,2033,134.159,,PJ,interpolated; NECPEssentials scenario overlay: TYNDP 2022 Annex C2 H2 backbone kept as policy assumption (moved from base 2026-07-30),2026-07-30,Julian Bornemann <jb@wip.tu-berlin.de>
DE,DK,H2,2034,112.741,,PJ,interpolated; NECPEssentials scenario overlay: TYNDP 2022 Annex C2 H2 backbone kept as policy assumption (moved from base 2026-07-30),2026-07-30,Julian Bornemann <jb@wip.tu-berlin.de>
DE,DK,H2,2036,91.323,,PJ,interpolated; NECPEssentials scenario overlay: TYNDP 2022 Annex C2 H2 backbone kept as policy assumption (moved from base 2026-07-30),2026-07-30,Julian Bornemann <jb@wip.tu-berlin.de>
DE,DK,H2,2037,91.323,,PJ,interpolated; NECPEssentials scenario overlay: TYNDP 2022 Annex C2 H2 backbone kept as policy assumption (moved from base 2026-07-30),2026-07-30,Julian Bornemann <jb@wip.tu-berlin.de>
DE,DK,H2,2038,91.323,,PJ,interpolated; NECPEssentials scenario overlay: TYNDP 2022 Annex C2 H2 backbone kept as policy assumption (moved from base 2026-07-30),2026-07-30,Julian Bornemann <jb@wip.tu-berlin.de>
DE,DK,H2,2039,91.323,,PJ,interpolated; NECPEssentials scenario overlay: TYNDP 2022 Annex C2 H2 backbone kept as policy assumption (moved from base 2026-07-30),2026-07-30,Julian Bornemann <jb@wip.tu-berlin.de>
DE,FI,H2,2031,529.805,,PJ,interpolated; NECPEssentials scenario overlay: TYNDP 2022 Annex C2 H2 backbone kept as policy assumption (moved from base 2026-07-30),2026-07-30,Julian Bornemann <jb@wip.tu-berlin.de>
DE,FI,H2,2032,397.354,,PJ,interpolated; NECPEssentials scenario overlay: TYNDP 2022 Annex C2 H2 backbone kept as policy assumption (moved from base 2026-07-30),2026-07-30,Julian Bornemann <jb@wip.tu-berlin.de>
DE,FI,H2,2033,264.902,,PJ,interpolated; NECPEssentials scenario overlay: TYNDP 2022 Annex C2 H2 backbone kept as policy assumption (moved from base 2026-07-30),2026-07-30,Julian Bornemann <jb@wip.tu-berlin.de>
DE,FI,H2,2034,132.451,,PJ,interpolated; NECPEssentials scenario overlay: TYNDP 2022 Annex C2 H2 backbone kept as policy assumption (moved from base 2026-07-30),2026-07-30,Julian Bornemann <jb@wip.tu-berlin.de>
DE,FR,H2,2031,201.83,,PJ,interpolated; NECPEssentials scenario overlay: TYNDP 2022 Annex C2 H2 backbone kept as policy assumption (moved from base 2026-07-30),2026-07-30,Julian Bornemann <jb@wip.tu-berlin.de>
DE,FR,H2,2032,151.373,,PJ,interpolated; NECPEssentials scenario overlay: TYNDP 2022 Annex C2 H2 backbone kept as policy assumption (moved from base 2026-07-30),2026-07-30,Julian Bornemann <jb@wip.tu-berlin.de>
DE,FR,H2,2033,100.915,,PJ,interpolated; NECPEssentials scenario overlay: TYNDP 2022 Annex C2 H2 backbone kept as policy assumption (moved from base 2026-07-30),2026-07-30,Julian Bornemann <jb@wip.tu-berlin.de>
DE,FR,H2,2034,50.4576,,PJ,interpolated; NECPEssentials scenario overlay: TYNDP 2022 Annex C2 H2 backbone kept as policy assumption (moved from base 2026-07-30),2026-07-30,Julian Bornemann <jb@wip.tu-berlin.de>
DE,NL,H2,2031,12.6144,,PJ,interpolated; NECPEssentials scenario overlay: TYNDP 2022 Annex C2 H2 backbone kept as policy assumption (moved from base 2026-07-30),2026-07-30,Julian Bornemann <jb@wip.tu-berlin.de>
DE,NL,H2,2032,9.4608,,PJ,interpolated; NECPEssentials scenario overlay: TYNDP 2022 Annex C2 H2 backbone kept as policy assumption (moved from base 2026-07-30),2026-07-30,Julian Bornemann <jb@wip.tu-berlin.de>
DE,NL,H2,2033,6.3072,,PJ,interpolated; NECPEssentials scenario overlay: TYNDP 2022 Annex C2 H2 backbone kept as policy assumption (moved from base 2026-07-30),2026-07-30,Julian Bornemann <jb@wip.tu-berlin.de>
DE,NL,H2,2034,3.1536,,PJ,interpolated; NECPEssentials scenario overlay: TYNDP 2022 Annex C2 H2 backbone kept as policy assumption (moved from base 2026-07-30),2026-07-30,Julian Bornemann <jb@wip.tu-berlin.de>
DE,PL,H2,2031,105.12,,PJ,interpolated; NECPEssentials scenario overlay: TYNDP 2022 Annex C2 H2 backbone kept as policy assumption (moved from base 2026-07-30),2026-07-30,Julian Bornemann <jb@wip.tu-berlin.de>
DE,PL,H2,2032,78.84,,PJ,interpolated; NECPEssentials scenario overlay: TYNDP 2022 Annex C2 H2 backbone kept as policy assumption (moved from base 2026-07-30),2026-07-30,Julian Bornemann <jb@wip.tu-berlin.de>
DE,PL,H2,2033,52.56,,PJ,interpolated; NECPEssentials scenario overlay: TYNDP 2022 Annex C2 H2 backbone kept as policy assumption (moved from base 2026-07-30),2026-07-30,Julian Bornemann <jb@wip.tu-berlin.de>
DE,PL,H2,2034,26.28,,PJ,interpolated; NECPEssentials scenario overlay: TYNDP 2022 Annex C2 H2 backbone kept as policy assumption (moved from base 2026-07-30),2026-07-30,Julian Bornemann <jb@wip.tu-berlin.de>
DK,DE,H2,2031,176.996,,PJ,interpolated; NECPEssentials scenario overlay: TYNDP 2022 Annex C2 H2 backbone kept as policy assumption (moved from base 2026-07-30),2026-07-30,Julian Bornemann <jb@wip.tu-berlin.de>
DK,DE,H2,2032,155.578,,PJ,interpolated; NECPEssentials scenario overlay: TYNDP 2022 Annex C2 H2 backbone kept as policy assumption (moved from base 2026-07-30),2026-07-30,Julian Bornemann <jb@wip.tu-berlin.de>
DK,DE,H2,2033,134.159,,PJ,interpolated; NECPEssentials scenario overlay: TYNDP 2022 Annex C2 H2 backbone kept as policy assumption (moved from base 2026-07-30),2026-07-30,Julian Bornemann <jb@wip.tu-berlin.de>
DK,DE,H2,2034,112.741,,PJ,interpolated; NECPEssentials scenario overlay: TYNDP 2022 Annex C2 H2 backbone kept as policy assumption (moved from base 2026-07-30),2026-07-30,Julian Bornemann <jb@wip.tu-berlin.de>
DK,DE,H2,2036,91.323,,PJ,interpolated; NECPEssentials scenario overlay: TYNDP 2022 Annex C2 H2 backbone kept as policy assumption (moved from base 2026-07-30),2026-07-30,Julian Bornemann <jb@wip.tu-berlin.de>
DK,DE,H2,2037,91.323,,PJ,interpolated; NECPEssentials scenario overlay: TYNDP 2022 Annex C2 H2 backbone kept as policy assumption (moved from base 2026-07-30),2026-07-30,Julian Bornemann <jb@wip.tu-berlin.de>
DK,DE,H2,2038,91.323,,PJ,interpolated; NECPEssentials scenario overlay: TYNDP 2022 Annex C2 H2 backbone kept as policy assumption (moved from base 2026-07-30),2026-07-30,Julian Bornemann <jb@wip.tu-berlin.de>
DK,DE,H2,2039,91.323,,PJ,interpolated; NECPEssentials scenario overlay: TYNDP 2022 Annex C2 H2 backbone kept as policy assumption (moved from base 2026-07-30),2026-07-30,Julian Bornemann <jb@wip.tu-berlin.de>
EE,FI,H2,2031,105.12,,PJ,interpolated; NECPEssentials scenario overlay: TYNDP 2022 Annex C2 H2 backbone kept as policy assumption (moved from base 2026-07-30),2026-07-30,Julian Bornemann <jb@wip.tu-berlin.de>
EE,FI,H2,2032,78.84,,PJ,interpolated; NECPEssentials scenario overlay: TYNDP 2022 Annex C2 H2 backbone kept as policy assumption (moved from base 2026-07-30),2026-07-30,Julian Bornemann <jb@wip.tu-berlin.de>
EE,FI,H2,2033,52.56,,PJ,interpolated; NECPEssentials scenario overlay: TYNDP 2022 Annex C2 H2 backbone kept as policy assumption (moved from base 2026-07-30),2026-07-30,Julian Bornemann <jb@wip.tu-berlin.de>
EE,FI,H2,2034,26.28,,PJ,interpolated; NECPEssentials scenario overlay: TYNDP 2022 Annex C2 H2 backbone kept as policy assumption (moved from base 2026-07-30),2026-07-30,Julian Bornemann <jb@wip.tu-berlin.de>
EE,LV,H2,2031,210.24,,PJ,interpolated; NECPEssentials scenario overlay: TYNDP 2022 Annex C2 H2 backbone kept as policy assumption (moved from base 2026-07-30),2026-07-30,Julian Bornemann <jb@wip.tu-berlin.de>
EE,LV,H2,2032,157.68,,PJ,interpolated; NECPEssentials scenario overlay: TYNDP 2022 Annex C2 H2 backbone kept as policy assumption (moved from base 2026-07-30),2026-07-30,Julian Bornemann <jb@wip.tu-berlin.de>
EE,LV,H2,2033,105.12,,PJ,interpolated; NECPEssentials scenario overlay: TYNDP 2022 Annex C2 H2 backbone kept as policy assumption (moved from base 2026-07-30),2026-07-30,Julian Bornemann <jb@wip.tu-berlin.de>
EE,LV,H2,2034,52.56,,PJ,interpolated; NECPEssentials scenario overlay: TYNDP 2022 Annex C2 H2 backbone kept as policy assumption (moved from base 2026-07-30),2026-07-30,Julian Bornemann <jb@wip.tu-berlin.de>
ES,FR,H2,2031,227.059,,PJ,interpolated; NECPEssentials scenario overlay: TYNDP 2022 Annex C2 H2 backbone kept as policy assumption (moved from base 2026-07-30),2026-07-30,Julian Bornemann <jb@wip.tu-berlin.de>
ES,FR,H2,2032,170.294,,PJ,interpolated; NECPEssentials scenario overlay: TYNDP 2022 Annex C2 H2 backbone kept as policy assumption (moved from base 2026-07-30),2026-07-30,Julian Bornemann <jb@wip.tu-berlin.de>
ES,FR,H2,2033,113.53,,PJ,interpolated; NECPEssentials scenario overlay: TYNDP 2022 Annex C2 H2 backbone kept as policy assumption (moved from base 2026-07-30),2026-07-30,Julian Bornemann <jb@wip.tu-berlin.de>
ES,FR,H2,2034,56.7648,,PJ,interpolated; NECPEssentials scenario overlay: TYNDP 2022 Annex C2 H2 backbone kept as policy assumption (moved from base 2026-07-30),2026-07-30,Julian Bornemann <jb@wip.tu-berlin.de>
ES,IT,H2,2031,42.048,,PJ,interpolated; NECPEssentials scenario overlay: TYNDP 2022 Annex C2 H2 backbone kept as policy assumption (moved from base 2026-07-30),2026-07-30,Julian Bornemann <jb@wip.tu-berlin.de>
ES,IT,H2,2032,84.096,,PJ,interpolated; NECPEssentials scenario overlay: TYNDP 2022 Annex C2 H2 backbone kept as policy assumption (moved from base 2026-07-30),2026-07-30,Julian Bornemann <jb@wip.tu-berlin.de>
ES,IT,H2,2033,126.144,,PJ,interpolated; NECPEssentials scenario overlay: TYNDP 2022 Annex C2 H2 backbone kept as policy assumption (moved from base 2026-07-30),2026-07-30,Julian Bornemann <jb@wip.tu-berlin.de>
ES,IT,H2,2034,168.192,,PJ,interpolated; NECPEssentials scenario overlay: TYNDP 2022 Annex C2 H2 backbone kept as policy assumption (moved from base 2026-07-30),2026-07-30,Julian Bornemann <jb@wip.tu-berlin.de>
ES,IT,H2,2036,210.24,,PJ,interpolated; NECPEssentials scenario overlay: TYNDP 2022 Annex C2 H2 backbone kept as policy assumption (moved from base 2026-07-30),2026-07-30,Julian Bornemann <jb@wip.tu-berlin.de>
ES,IT,H2,2037,210.24,,PJ,interpolated; NECPEssentials scenario overlay: TYNDP 2022 Annex C2 H2 backbone kept as policy assumption (moved from base 2026-07-30),2026-07-30,Julian Bornemann <jb@wip.tu-berlin.de>
ES,IT,H2,2038,210.24,,PJ,interpolated; NECPEssentials scenario overlay: TYNDP 2022 Annex C2 H2 backbone kept as policy assumption (moved from base 2026-07-30),2026-07-30,Julian Bornemann <jb@wip.tu-berlin.de>
ES,IT,H2,2039,210.24,,PJ,interpolated; NECPEssentials scenario overlay: TYNDP 2022 Annex C2 H2 backbone kept as policy assumption (moved from base 2026-07-30),2026-07-30,Julian Bornemann <jb@wip.tu-berlin.de>
ES,PT,H2,2031,85.1472,,PJ,interpolated; NECPEssentials scenario overlay: TYNDP 2022 Annex C2 H2 backbone kept as policy assumption (moved from base 2026-07-30),2026-07-30,Julian Bornemann <jb@wip.tu-berlin.de>
ES,PT,H2,2032,63.8604,,PJ,interpolated; NECPEssentials scenario overlay: TYNDP 2022 Annex C2 H2 backbone kept as policy assumption (moved from base 2026-07-30),2026-07-30,Julian Bornemann <jb@wip.tu-berlin.de>
ES,PT,H2,2033,42.5736,,PJ,interpolated; NECPEssentials scenario overlay: TYNDP 2022 Annex C2 H2 backbone kept as policy assumption (moved from base 2026-07-30),2026-07-30,Julian Bornemann <jb@wip.tu-berlin.de>
ES,PT,H2,2034,21.2868,,PJ,interpolated; NECPEssentials scenario overlay: TYNDP 2022 Annex C2 H2 backbone kept as policy assumption (moved from base 2026-07-30),2026-07-30,Julian Bornemann <jb@wip.tu-berlin.de>
FI,EE,H2,2031,210.24,,PJ,interpolated; NECPEssentials scenario overlay: TYNDP 2022 Annex C2 H2 backbone kept as policy assumption (moved from base 2026-07-30),2026-07-30,Julian Bornemann <jb@wip.tu-berlin.de>
FI,EE,H2,2032,157.68,,PJ,interpolated; NECPEssentials scenario overlay: TYNDP 2022 Annex C2 H2 backbone kept as policy assumption (moved from base 2026-07-30),2026-07-30,Julian Bornemann <jb@wip.tu-berlin.de>
FI,EE,H2,2033,105.12,,PJ,interpolated; NECPEssentials scenario overlay: TYNDP 2022 Annex C2 H2 backbone kept as policy assumption (moved from base 2026-07-30),2026-07-30,Julian Bornemann <jb@wip.tu-berlin.de>
FI,EE,H2,2034,52.56,,PJ,interpolated; NECPEssentials scenario overlay: TYNDP 2022 Annex C2 H2 backbone kept as policy assumption (moved from base 2026-07-30),2026-07-30,Julian Bornemann <jb@wip.tu-berlin.de>
FI,DE,H2,2031,529.805,,PJ,interpolated; NECPEssentials scenario overlay: TYNDP 2022 Annex C2 H2 backbone kept as policy assumption (moved from base 2026-07-30),2026-07-30,Julian Bornemann <jb@wip.tu-berlin.de>
FI,DE,H2,2032,397.354,,PJ,interpolated; NECPEssentials scenario overlay: TYNDP 2022 Annex C2 H2 backbone kept as policy assumption (moved from base 2026-07-30),2026-07-30,Julian Bornemann <jb@wip.tu-berlin.de>
FI,DE,H2,2033,264.902,,PJ,interpolated; NECPEssentials scenario overlay: TYNDP 2022 Annex C2 H2 backbone kept as policy assumption (moved from base 2026-07-30),2026-07-30,Julian Bornemann <jb@wip.tu-berlin.de>
FI,DE,H2,2034,132.451,,PJ,interpolated; NECPEssentials scenario overlay: TYNDP 2022 Annex C2 H2 backbone kept as policy assumption (moved from base 2026-07-30),2026-07-30,Julian Bornemann <jb@wip.tu-berlin.de>
FI,SE,H2,2031,700.099,,PJ,interpolated; NECPEssentials scenario overlay: TYNDP 2022 Annex C2 H2 backbone kept as policy assumption (moved from base 2026-07-30),2026-07-30,Julian Bornemann <jb@wip.tu-berlin.de>
FI,SE,H2,2032,525.074,,PJ,interpolated; NECPEssentials scenario overlay: TYNDP 2022 Annex C2 H2 backbone kept as policy assumption (moved from base 2026-07-30),2026-07-30,Julian Bornemann <jb@wip.tu-berlin.de>
FI,SE,H2,2033,350.05,,PJ,interpolated; NECPEssentials scenario overlay: TYNDP 2022 Annex C2 H2 backbone kept as policy assumption (moved from base 2026-07-30),2026-07-30,Julian Bornemann <jb@wip.tu-berlin.de>
FI,SE,H2,2034,175.025,,PJ,interpolated; NECPEssentials scenario overlay: TYNDP 2022 Annex C2 H2 backbone kept as policy assumption (moved from base 2026-07-30),2026-07-30,Julian Bornemann <jb@wip.tu-berlin.de>
FR,BE,H2,2031,113.53,,PJ,interpolated; NECPEssentials scenario overlay: TYNDP 2022 Annex C2 H2 backbone kept as policy assumption (moved from base 2026-07-30),2026-07-30,Julian Bornemann <jb@wip.tu-berlin.de>
FR,BE,H2,2032,85.1472,,PJ,interpolated; NECPEssentials scenario overlay: TYNDP 2022 Annex C2 H2 backbone kept as policy assumption (moved from base 2026-07-30),2026-07-30,Julian Bornemann <jb@wip.tu-berlin.de>
FR,BE,H2,2033,56.7648,,PJ,interpolated; NECPEssentials scenario overlay: TYNDP 2022 Annex C2 H2 backbone kept as policy assumption (moved from base 2026-07-30),2026-07-30,Julian Bornemann <jb@wip.tu-berlin.de>
FR,BE,H2,2034,28.3824,,PJ,interpolated; NECPEssentials scenario overlay: TYNDP 2022 Annex C2 H2 backbone kept as policy assumption (moved from base 2026-07-30),2026-07-30,Julian Bornemann <jb@wip.tu-berlin.de>
FR,DE,H2,2031,214.445,,PJ,interpolated; NECPEssentials scenario overlay: TYNDP 2022 Annex C2 H2 backbone kept as policy assumption (moved from base 2026-07-30),2026-07-30,Julian Bornemann <jb@wip.tu-berlin.de>
FR,DE,H2,2032,160.834,,PJ,interpolated; NECPEssentials scenario overlay: TYNDP 2022 Annex C2 H2 backbone kept as policy assumption (moved from base 2026-07-30),2026-07-30,Julian Bornemann <jb@wip.tu-berlin.de>
FR,DE,H2,2033,107.222,,PJ,interpolated; NECPEssentials scenario overlay: TYNDP 2022 Annex C2 H2 backbone kept as policy assumption (moved from base 2026-07-30),2026-07-30,Julian Bornemann <jb@wip.tu-berlin.de>
FR,DE,H2,2034,53.6112,,PJ,interpolated; NECPEssentials scenario overlay: TYNDP 2022 Annex C2 H2 backbone kept as policy assumption (moved from base 2026-07-30),2026-07-30,Julian Bornemann <jb@wip.tu-berlin.de>
FR,ES,H2,2031,227.059,,PJ,interpolated; NECPEssentials scenario overlay: TYNDP 2022 Annex C2 H2 backbone kept as policy assumption (moved from base 2026-07-30),2026-07-30,Julian Bornemann <jb@wip.tu-berlin.de>
FR,ES,H2,2032,170.294,,PJ,interpolated; NECPEssentials scenario overlay: TYNDP 2022 Annex C2 H2 backbone kept as policy assumption (moved from base 2026-07-30),2026-07-30,Julian Bornemann <jb@wip.tu-berlin.de>
FR,ES,H2,2033,113.53,,PJ,interpolated; NECPEssentials scenario overlay: TYNDP 2022 Annex C2 H2 backbone kept as policy assumption (moved from base 2026-07-30),2026-07-30,Julian Bornemann <jb@wip.tu-berlin.de>
FR,ES,H2,2034,56.7648,,PJ,interpolated; NECPEssentials scenario overlay: TYNDP 2022 Annex C2 H2 backbone kept as policy assumption (moved from base 2026-07-30),2026-07-30,Julian Bornemann <jb@wip.tu-berlin.de>
GR,BG,H2,2031,79.374,,PJ,interpolated; NECPEssentials scenario overlay: TYNDP 2022 Annex C2 H2 backbone kept as policy assumption (moved from base 2026-07-30),2026-07-30,Julian Bornemann <jb@wip.tu-berlin.de>
GR,BG,H2,2032,59.5305,,PJ,interpolated; NECPEssentials scenario overlay: TYNDP 2022 Annex C2 H2 backbone kept as policy assumption (moved from base 2026-07-30),2026-07-30,Julian Bornemann <jb@wip.tu-berlin.de>
GR,BG,H2,2033,39.687,,PJ,interpolated; NECPEssentials scenario overlay: TYNDP 2022 Annex C2 H2 backbone kept as policy assumption (moved from base 2026-07-30),2026-07-30,Julian Bornemann <jb@wip.tu-berlin.de>
GR,BG,H2,2034,19.8435,,PJ,interpolated; NECPEssentials scenario overlay: TYNDP 2022 Annex C2 H2 backbone kept as policy assumption (moved from base 2026-07-30),2026-07-30,Julian Bornemann <jb@wip.tu-berlin.de>
HR,HU,H2,2031,16.8718,,PJ,interpolated; NECPEssentials scenario overlay: TYNDP 2022 Annex C2 H2 backbone kept as policy assumption (moved from base 2026-07-30),2026-07-30,Julian Bornemann <jb@wip.tu-berlin.de>
HR,HU,H2,2032,33.7435,,PJ,interpolated; NECPEssentials scenario overlay: TYNDP 2022 Annex C2 H2 backbone kept as policy assumption (moved from base 2026-07-30),2026-07-30,Julian Bornemann <jb@wip.tu-berlin.de>
HR,HU,H2,2033,50.6153,,PJ,interpolated; NECPEssentials scenario overlay: TYNDP 2022 Annex C2 H2 backbone kept as policy assumption (moved from base 2026-07-30),2026-07-30,Julian Bornemann <jb@wip.tu-berlin.de>
HR,HU,H2,2034,67.487,,PJ,interpolated; NECPEssentials scenario overlay: TYNDP 2022 Annex C2 H2 backbone kept as policy assumption (moved from base 2026-07-30),2026-07-30,Julian Bornemann <jb@wip.tu-berlin.de>
HR,HU,H2,2036,84.3588,,PJ,interpolated; NECPEssentials scenario overlay: TYNDP 2022 Annex C2 H2 backbone kept as policy assumption (moved from base 2026-07-30),2026-07-30,Julian Bornemann <jb@wip.tu-berlin.de>
HR,HU,H2,2037,84.3588,,PJ,interpolated; NECPEssentials scenario overlay: TYNDP 2022 Annex C2 H2 backbone kept as policy assumption (moved from base 2026-07-30),2026-07-30,Julian Bornemann <jb@wip.tu-berlin.de>
HR,HU,H2,2038,84.3588,,PJ,interpolated; NECPEssentials scenario overlay: TYNDP 2022 Annex C2 H2 backbone kept as policy assumption (moved from base 2026-07-30),2026-07-30,Julian Bornemann <jb@wip.tu-berlin.de>
HR,HU,H2,2039,84.3588,,PJ,interpolated; NECPEssentials scenario overlay: TYNDP 2022 Annex C2 H2 backbone kept as policy assumption (moved from base 2026-07-30),2026-07-30,Julian Bornemann <jb@wip.tu-berlin.de>
HR,SI,H2,2031,2.1024,,PJ,interpolated; NECPEssentials scenario overlay: TYNDP 2022 Annex C2 H2 backbone kept as policy assumption (moved from base 2026-07-30),2026-07-30,Julian Bornemann <jb@wip.tu-berlin.de>
HR,SI,H2,2032,4.2048,,PJ,interpolated; NECPEssentials scenario overlay: TYNDP 2022 Annex C2 H2 backbone kept as policy assumption (moved from base 2026-07-30),2026-07-30,Julian Bornemann <jb@wip.tu-berlin.de>
HR,SI,H2,2033,6.3072,,PJ,interpolated; NECPEssentials scenario overlay: TYNDP 2022 Annex C2 H2 backbone kept as policy assumption (moved from base 2026-07-30),2026-07-30,Julian Bornemann <jb@wip.tu-berlin.de>
HR,SI,H2,2034,8.4096,,PJ,interpolated; NECPEssentials scenario overlay: TYNDP 2022 Annex C2 H2 backbone kept as policy assumption (moved from base 2026-07-30),2026-07-30,Julian Bornemann <jb@wip.tu-berlin.de>
HR,SI,H2,2036,10.512,,PJ,interpolated; NECPEssentials scenario overlay: TYNDP 2022 Annex C2 H2 backbone kept as policy assumption (moved from base 2026-07-30),2026-07-30,Julian Bornemann <jb@wip.tu-berlin.de>
HR,SI,H2,2037,10.512,,PJ,interpolated; NECPEssentials scenario overlay: TYNDP 2022 Annex C2 H2 backbone kept as policy assumption (moved from base 2026-07-30),2026-07-30,Julian Bornemann <jb@wip.tu-berlin.de>
HR,SI,H2,2038,10.512,,PJ,interpolated; NECPEssentials scenario overlay: TYNDP 2022 Annex C2 H2 backbone kept as policy assumption (moved from base 2026-07-30),2026-07-30,Julian Bornemann <jb@wip.tu-berlin.de>
HR,SI,H2,2039,10.512,,PJ,interpolated; NECPEssentials scenario overlay: TYNDP 2022 Annex C2 H2 backbone kept as policy assumption (moved from base 2026-07-30),2026-07-30,Julian Bornemann <jb@wip.tu-berlin.de>
HU,HR,H2,2031,16.8718,,PJ,interpolated; NECPEssentials scenario overlay: TYNDP 2022 Annex C2 H2 backbone kept as policy assumption (moved from base 2026-07-30),2026-07-30,Julian Bornemann <jb@wip.tu-berlin.de>
HU,HR,H2,2032,33.7435,,PJ,interpolated; NECPEssentials scenario overlay: TYNDP 2022 Annex C2 H2 backbone kept as policy assumption (moved from base 2026-07-30),2026-07-30,Julian Bornemann <jb@wip.tu-berlin.de>
HU,HR,H2,2033,50.6153,,PJ,interpolated; NECPEssentials scenario overlay: TYNDP 2022 Annex C2 H2 backbone kept as policy assumption (moved from base 2026-07-30),2026-07-30,Julian Bornemann <jb@wip.tu-berlin.de>
HU,HR,H2,2034,67.487,,PJ,interpolated; NECPEssentials scenario overlay: TYNDP 2022 Annex C2 H2 backbone kept as policy assumption (moved from base 2026-07-30),2026-07-30,Julian Bornemann <jb@wip.tu-berlin.de>
HU,HR,H2,2036,84.3588,,PJ,interpolated; NECPEssentials scenario overlay: TYNDP 2022 Annex C2 H2 backbone kept as policy assumption (moved from base 2026-07-30),2026-07-30,Julian Bornemann <jb@wip.tu-berlin.de>
HU,HR,H2,2037,84.3588,,PJ,interpolated; NECPEssentials scenario overlay: TYNDP 2022 Annex C2 H2 backbone kept as policy assumption (moved from base 2026-07-30),2026-07-30,Julian Bornemann <jb@wip.tu-berlin.de>
HU,HR,H2,2038,84.3588,,PJ,interpolated; NECPEssentials scenario overlay: TYNDP 2022 Annex C2 H2 backbone kept as policy assumption (moved from base 2026-07-30),2026-07-30,Julian Bornemann <jb@wip.tu-berlin.de>
HU,HR,H2,2039,84.3588,,PJ,interpolated; NECPEssentials scenario overlay: TYNDP 2022 Annex C2 H2 backbone kept as policy assumption (moved from base 2026-07-30),2026-07-30,Julian Bornemann <jb@wip.tu-berlin.de>
HU,RO,H2,2031,90.8237,,PJ,interpolated; NECPEssentials scenario overlay: TYNDP 2022 Annex C2 H2 backbone kept as policy assumption (moved from base 2026-07-30),2026-07-30,Julian Bornemann <jb@wip.tu-berlin.de>
HU,RO,H2,2032,80.7322,,PJ,interpolated; NECPEssentials scenario overlay: TYNDP 2022 Annex C2 H2 backbone kept as policy assumption (moved from base 2026-07-30),2026-07-30,Julian Bornemann <jb@wip.tu-berlin.de>
HU,RO,H2,2033,70.6406,,PJ,interpolated; NECPEssentials scenario overlay: TYNDP 2022 Annex C2 H2 backbone kept as policy assumption (moved from base 2026-07-30),2026-07-30,Julian Bornemann <jb@wip.tu-berlin.de>
HU,RO,H2,2034,60.5491,,PJ,interpolated; NECPEssentials scenario overlay: TYNDP 2022 Annex C2 H2 backbone kept as policy assumption (moved from base 2026-07-30),2026-07-30,Julian Bornemann <jb@wip.tu-berlin.de>
HU,RO,H2,2036,50.4576,,PJ,interpolated; NECPEssentials scenario overlay: TYNDP 2022 Annex C2 H2 backbone kept as policy assumption (moved from base 2026-07-30),2026-07-30,Julian Bornemann <jb@wip.tu-berlin.de>
HU,RO,H2,2037,50.4576,,PJ,interpolated; NECPEssentials scenario overlay: TYNDP 2022 Annex C2 H2 backbone kept as policy assumption (moved from base 2026-07-30),2026-07-30,Julian Bornemann <jb@wip.tu-berlin.de>
HU,RO,H2,2038,50.4576,,PJ,interpolated; NECPEssentials scenario overlay: TYNDP 2022 Annex C2 H2 backbone kept as policy assumption (moved from base 2026-07-30),2026-07-30,Julian Bornemann <jb@wip.tu-berlin.de>
HU,RO,H2,2039,50.4576,,PJ,interpolated; NECPEssentials scenario overlay: TYNDP 2022 Annex C2 H2 backbone kept as policy assumption (moved from base 2026-07-30),2026-07-30,Julian Bornemann <jb@wip.tu-berlin.de>
HU,SK,H2,2031,118.26,,PJ,interpolated; NECPEssentials scenario overlay: TYNDP 2022 Annex C2 H2 backbone kept as policy assumption (moved from base 2026-07-30),2026-07-30,Julian Bornemann <jb@wip.tu-berlin.de>
HU,SK,H2,2032,105.12,,PJ,interpolated; NECPEssentials scenario overlay: TYNDP 2022 Annex C2 H2 backbone kept as policy assumption (moved from base 2026-07-30),2026-07-30,Julian Bornemann <jb@wip.tu-berlin.de>
HU,SK,H2,2033,91.98,,PJ,interpolated; NECPEssentials scenario overlay: TYNDP 2022 Annex C2 H2 backbone kept as policy assumption (moved from base 2026-07-30),2026-07-30,Julian Bornemann <jb@wip.tu-berlin.de>
HU,SK,H2,2034,78.84,,PJ,interpolated; NECPEssentials scenario overlay: TYNDP 2022 Annex C2 H2 backbone kept as policy assumption (moved from base 2026-07-30),2026-07-30,Julian Bornemann <jb@wip.tu-berlin.de>
HU,SK,H2,2036,65.7,,PJ,interpolated; NECPEssentials scenario overlay: TYNDP 2022 Annex C2 H2 backbone kept as policy assumption (moved from base 2026-07-30),2026-07-30,Julian Bornemann <jb@wip.tu-berlin.de>
HU,SK,H2,2037,65.7,,PJ,interpolated; NECPEssentials scenario overlay: TYNDP 2022 Annex C2 H2 backbone kept as policy assumption (moved from base 2026-07-30),2026-07-30,Julian Bornemann <jb@wip.tu-berlin.de>
HU,SK,H2,2038,65.7,,PJ,interpolated; NECPEssentials scenario overlay: TYNDP 2022 Annex C2 H2 backbone kept as policy assumption (moved from base 2026-07-30),2026-07-30,Julian Bornemann <jb@wip.tu-berlin.de>
HU,SK,H2,2039,65.7,,PJ,interpolated; NECPEssentials scenario overlay: TYNDP 2022 Annex C2 H2 backbone kept as policy assumption (moved from base 2026-07-30),2026-07-30,Julian Bornemann <jb@wip.tu-berlin.de>
HU,SI,H2,2031,2.57544,,PJ,interpolated; NECPEssentials scenario overlay: TYNDP 2022 Annex C2 H2 backbone kept as policy assumption (moved from base 2026-07-30),2026-07-30,Julian Bornemann <jb@wip.tu-berlin.de>
HU,SI,H2,2032,5.15088,,PJ,interpolated; NECPEssentials scenario overlay: TYNDP 2022 Annex C2 H2 backbone kept as policy assumption (moved from base 2026-07-30),2026-07-30,Julian Bornemann <jb@wip.tu-berlin.de>
HU,SI,H2,2033,7.72632,,PJ,interpolated; NECPEssentials scenario overlay: TYNDP 2022 Annex C2 H2 backbone kept as policy assumption (moved from base 2026-07-30),2026-07-30,Julian Bornemann <jb@wip.tu-berlin.de>
HU,SI,H2,2034,10.3018,,PJ,interpolated; NECPEssentials scenario overlay: TYNDP 2022 Annex C2 H2 backbone kept as policy assumption (moved from base 2026-07-30),2026-07-30,Julian Bornemann <jb@wip.tu-berlin.de>
HU,SI,H2,2036,12.8772,,PJ,interpolated; NECPEssentials scenario overlay: TYNDP 2022 Annex C2 H2 backbone kept as policy assumption (moved from base 2026-07-30),2026-07-30,Julian Bornemann <jb@wip.tu-berlin.de>
HU,SI,H2,2037,12.8772,,PJ,interpolated; NECPEssentials scenario overlay: TYNDP 2022 Annex C2 H2 backbone kept as policy assumption (moved from base 2026-07-30),2026-07-30,Julian Bornemann <jb@wip.tu-berlin.de>
HU,SI,H2,2038,12.8772,,PJ,interpolated; NECPEssentials scenario overlay: TYNDP 2022 Annex C2 H2 backbone kept as policy assumption (moved from base 2026-07-30),2026-07-30,Julian Bornemann <jb@wip.tu-berlin.de>
HU,SI,H2,2039,12.8772,,PJ,interpolated; NECPEssentials scenario overlay: TYNDP 2022 Annex C2 H2 backbone kept as policy assumption (moved from base 2026-07-30),2026-07-30,Julian Bornemann <jb@wip.tu-berlin.de>
IT,AT,H2,2031,176.602,,PJ,interpolated; NECPEssentials scenario overlay: TYNDP 2022 Annex C2 H2 backbone kept as policy assumption (moved from base 2026-07-30),2026-07-30,Julian Bornemann <jb@wip.tu-berlin.de>
IT,AT,H2,2032,132.451,,PJ,interpolated; NECPEssentials scenario overlay: TYNDP 2022 Annex C2 H2 backbone kept as policy assumption (moved from base 2026-07-30),2026-07-30,Julian Bornemann <jb@wip.tu-berlin.de>
IT,AT,H2,2033,88.3008,,PJ,interpolated; NECPEssentials scenario overlay: TYNDP 2022 Annex C2 H2 backbone kept as policy assumption (moved from base 2026-07-30),2026-07-30,Julian Bornemann <jb@wip.tu-berlin.de>
IT,AT,H2,2034,44.1504,,PJ,interpolated; NECPEssentials scenario overlay: TYNDP 2022 Annex C2 H2 backbone kept as policy assumption (moved from base 2026-07-30),2026-07-30,Julian Bornemann <jb@wip.tu-berlin.de>
IT,SI,H2,2031,2.57544,,PJ,interpolated; NECPEssentials scenario overlay: TYNDP 2022 Annex C2 H2 backbone kept as policy assumption (moved from base 2026-07-30),2026-07-30,Julian Bornemann <jb@wip.tu-berlin.de>
IT,SI,H2,2032,5.15088,,PJ,interpolated; NECPEssentials scenario overlay: TYNDP 2022 Annex C2 H2 backbone kept as policy assumption (moved from base 2026-07-30),2026-07-30,Julian Bornemann <jb@wip.tu-berlin.de>
IT,SI,H2,2033,7.72632,,PJ,interpolated; NECPEssentials scenario overlay: TYNDP 2022 Annex C2 H2 backbone kept as policy assumption (moved from base 2026-07-30),2026-07-30,Julian Bornemann <jb@wip.tu-berlin.de>
IT,SI,H2,2034,10.3018,,PJ,interpolated; NECPEssentials scenario overlay: TYNDP 2022 Annex C2 H2 backbone kept as policy assumption (moved from base 2026-07-30),2026-07-30,Julian Bornemann <jb@wip.tu-berlin.de>
IT,SI,H2,2036,12.8772,,PJ,interpolated; NECPEssentials scenario overlay: TYNDP 2022 Annex C2 H2 backbone kept as policy assumption (moved from base 2026-07-30),2026-07-30,Julian Bornemann <jb@wip.tu-berlin.de>
IT,SI,H2,2037,12.8772,,PJ,interpolated; NECPEssentials scenario overlay: TYNDP 2022 Annex C2 H2 backbone kept as policy assumption (moved from base 2026-07-30),2026-07-30,Julian Bornemann <jb@wip.tu-berlin.de>
IT,SI,H2,2038,12.8772,,PJ,interpolated; NECPEssentials scenario overlay: TYNDP 2022 Annex C2 H2 backbone kept as policy assumption (moved from base 2026-07-30),2026-07-30,Julian Bornemann <jb@wip.tu-berlin.de>
IT,SI,H2,2039,12.8772,,PJ,interpolated; NECPEssentials scenario overlay: TYNDP 2022 Annex C2 H2 backbone kept as policy assumption (moved from base 2026-07-30),2026-07-30,Julian Bornemann <jb@wip.tu-berlin.de>
IT,CH,H2,2031,92.5056,,PJ,interpolated; NECPEssentials scenario overlay: TYNDP 2022 Annex C2 H2 backbone kept as policy assumption (moved from base 2026-07-30),2026-07-30,Julian Bornemann <jb@wip.tu-berlin.de>
IT,CH,H2,2032,69.3792,,PJ,interpolated; NECPEssentials scenario overlay: TYNDP 2022 Annex C2 H2 backbone kept as policy assumption (moved from base 2026-07-30),2026-07-30,Julian Bornemann <jb@wip.tu-berlin.de>
IT,CH,H2,2033,46.2528,,PJ,interpolated; NECPEssentials scenario overlay: TYNDP 2022 Annex C2 H2 backbone kept as policy assumption (moved from base 2026-07-30),2026-07-30,Julian Bornemann <jb@wip.tu-berlin.de>
IT,CH,H2,2034,23.1264,,PJ,interpolated; NECPEssentials scenario overlay: TYNDP 2022 Annex C2 H2 backbone kept as policy assumption (moved from base 2026-07-30),2026-07-30,Julian Bornemann <jb@wip.tu-berlin.de>
LT,LV,H2,2031,105.12,,PJ,interpolated; NECPEssentials scenario overlay: TYNDP 2022 Annex C2 H2 backbone kept as policy assumption (moved from base 2026-07-30),2026-07-30,Julian Bornemann <jb@wip.tu-berlin.de>
LT,LV,H2,2032,78.84,,PJ,interpolated; NECPEssentials scenario overlay: TYNDP 2022 Annex C2 H2 backbone kept as policy assumption (moved from base 2026-07-30),2026-07-30,Julian Bornemann <jb@wip.tu-berlin.de>
LT,LV,H2,2033,52.56,,PJ,interpolated; NECPEssentials scenario overlay: TYNDP 2022 Annex C2 H2 backbone kept as policy assumption (moved from base 2026-07-30),2026-07-30,Julian Bornemann <jb@wip.tu-berlin.de>
LT,LV,H2,2034,26.28,,PJ,interpolated; NECPEssentials scenario overlay: TYNDP 2022 Annex C2 H2 backbone kept as policy assumption (moved from base 2026-07-30),2026-07-30,Julian Bornemann <jb@wip.tu-berlin.de>
LT,PL,H2,2031,210.24,,PJ,interpolated; NECPEssentials scenario overlay: TYNDP 2022 Annex C2 H2 backbone kept as policy assumption (moved from base 2026-07-30),2026-07-30,Julian Bornemann <jb@wip.tu-berlin.de>
LT,PL,H2,2032,157.68,,PJ,interpolated; NECPEssentials scenario overlay: TYNDP 2022 Annex C2 H2 backbone kept as policy assumption (moved from base 2026-07-30),2026-07-30,Julian Bornemann <jb@wip.tu-berlin.de>
LT,PL,H2,2033,105.12,,PJ,interpolated; NECPEssentials scenario overlay: TYNDP 2022 Annex C2 H2 backbone kept as policy assumption (moved from base 2026-07-30),2026-07-30,Julian Bornemann <jb@wip.tu-berlin.de>
LT,PL,H2,2034,52.56,,PJ,interpolated; NECPEssentials scenario overlay: TYNDP 2022 Annex C2 H2 backbone kept as policy assumption (moved from base 2026-07-30),2026-07-30,Julian Bornemann <jb@wip.tu-berlin.de>
LV,EE,H2,2031,105.12,,PJ,interpolated; NECPEssentials scenario overlay: TYNDP 2022 Annex C2 H2 backbone kept as policy assumption (moved from base 2026-07-30),2026-07-30,Julian Bornemann <jb@wip.tu-berlin.de>
LV,EE,H2,2032,78.84,,PJ,interpolated; NECPEssentials scenario overlay: TYNDP 2022 Annex C2 H2 backbone kept as policy assumption (moved from base 2026-07-30),2026-07-30,Julian Bornemann <jb@wip.tu-berlin.de>
LV,EE,H2,2033,52.56,,PJ,interpolated; NECPEssentials scenario overlay: TYNDP 2022 Annex C2 H2 backbone kept as policy assumption (moved from base 2026-07-30),2026-07-30,Julian Bornemann <jb@wip.tu-berlin.de>
LV,EE,H2,2034,26.28,,PJ,interpolated; NECPEssentials scenario overlay: TYNDP 2022 Annex C2 H2 backbone kept as policy assumption (moved from base 2026-07-30),2026-07-30,Julian Bornemann <jb@wip.tu-berlin.de>
LV,LT,H2,2031,210.24,,PJ,interpolated; NECPEssentials scenario overlay: TYNDP 2022 Annex C2 H2 backbone kept as policy assumption (moved from base 2026-07-30),2026-07-30,Julian Bornemann <jb@wip.tu-berlin.de>
LV,LT,H2,2032,157.68,,PJ,interpolated; NECPEssentials scenario overlay: TYNDP 2022 Annex C2 H2 backbone kept as policy assumption (moved from base 2026-07-30),2026-07-30,Julian Bornemann <jb@wip.tu-berlin.de>
LV,LT,H2,2033,105.12,,PJ,interpolated; NECPEssentials scenario overlay: TYNDP 2022 Annex C2 H2 backbone kept as policy assumption (moved from base 2026-07-30),2026-07-30,Julian Bornemann <jb@wip.tu-berlin.de>
LV,LT,H2,2034,52.56,,PJ,interpolated; NECPEssentials scenario overlay: TYNDP 2022 Annex C2 H2 backbone kept as policy assumption (moved from base 2026-07-30),2026-07-30,Julian Bornemann <jb@wip.tu-berlin.de>
NL,BE,H2,2031,53.6112,,PJ,interpolated; NECPEssentials scenario overlay: TYNDP 2022 Annex C2 H2 backbone kept as policy assumption (moved from base 2026-07-30),2026-07-30,Julian Bornemann <jb@wip.tu-berlin.de>
NL,BE,H2,2032,44.1504,,PJ,interpolated; NECPEssentials scenario overlay: TYNDP 2022 Annex C2 H2 backbone kept as policy assumption (moved from base 2026-07-30),2026-07-30,Julian Bornemann <jb@wip.tu-berlin.de>
NL,BE,H2,2033,34.6896,,PJ,interpolated; NECPEssentials scenario overlay: TYNDP 2022 Annex C2 H2 backbone kept as policy assumption (moved from base 2026-07-30),2026-07-30,Julian Bornemann <jb@wip.tu-berlin.de>
NL,BE,H2,2034,25.2288,,PJ,interpolated; NECPEssentials scenario overlay: TYNDP 2022 Annex C2 H2 backbone kept as policy assumption (moved from base 2026-07-30),2026-07-30,Julian Bornemann <jb@wip.tu-berlin.de>
NL,BE,H2,2036,15.768,,PJ,interpolated; NECPEssentials scenario overlay: TYNDP 2022 Annex C2 H2 backbone kept as policy assumption (moved from base 2026-07-30),2026-07-30,Julian Bornemann <jb@wip.tu-berlin.de>
NL,BE,H2,2037,15.768,,PJ,interpolated; NECPEssentials scenario overlay: TYNDP 2022 Annex C2 H2 backbone kept as policy assumption (moved from base 2026-07-30),2026-07-30,Julian Bornemann <jb@wip.tu-berlin.de>
NL,BE,H2,2038,15.768,,PJ,interpolated; NECPEssentials scenario overlay: TYNDP 2022 Annex C2 H2 backbone kept as policy assumption (moved from base 2026-07-30),2026-07-30,Julian Bornemann <jb@wip.tu-berlin.de>
NL,BE,H2,2039,15.768,,PJ,interpolated; NECPEssentials scenario overlay: TYNDP 2022 Annex C2 H2 backbone kept as policy assumption (moved from base 2026-07-30),2026-07-30,Julian Bornemann <jb@wip.tu-berlin.de>
NL,DE,H2,2031,394.2,,PJ,interpolated; NECPEssentials scenario overlay: TYNDP 2022 Annex C2 H2 backbone kept as policy assumption (moved from base 2026-07-30),2026-07-30,Julian Bornemann <jb@wip.tu-berlin.de>
NL,DE,H2,2032,295.65,,PJ,interpolated; NECPEssentials scenario overlay: TYNDP 2022 Annex C2 H2 backbone kept as policy assumption (moved from base 2026-07-30),2026-07-30,Julian Bornemann <jb@wip.tu-berlin.de>
NL,DE,H2,2033,197.1,,PJ,interpolated; NECPEssentials scenario overlay: TYNDP 2022 Annex C2 H2 backbone kept as policy assumption (moved from base 2026-07-30),2026-07-30,Julian Bornemann <jb@wip.tu-berlin.de>
NL,DE,H2,2034,98.55,,PJ,interpolated; NECPEssentials scenario overlay: TYNDP 2022 Annex C2 H2 backbone kept as policy assumption (moved from base 2026-07-30),2026-07-30,Julian Bornemann <jb@wip.tu-berlin.de>
NO,DE,H2,2031,435.197,,PJ,interpolated; NECPEssentials scenario overlay: TYNDP 2022 Annex C2 H2 backbone kept as policy assumption (moved from base 2026-07-30),2026-07-30,Julian Bornemann <jb@wip.tu-berlin.de>
NO,DE,H2,2032,326.398,,PJ,interpolated; NECPEssentials scenario overlay: TYNDP 2022 Annex C2 H2 backbone kept as policy assumption (moved from base 2026-07-30),2026-07-30,Julian Bornemann <jb@wip.tu-berlin.de>
NO,DE,H2,2033,217.598,,PJ,interpolated; NECPEssentials scenario overlay: TYNDP 2022 Annex C2 H2 backbone kept as policy assumption (moved from base 2026-07-30),2026-07-30,Julian Bornemann <jb@wip.tu-berlin.de>
NO,DE,H2,2034,108.799,,PJ,interpolated; NECPEssentials scenario overlay: TYNDP 2022 Annex C2 H2 backbone kept as policy assumption (moved from base 2026-07-30),2026-07-30,Julian Bornemann <jb@wip.tu-berlin.de>
PL,DE,H2,2031,210.24,,PJ,interpolated; NECPEssentials scenario overlay: TYNDP 2022 Annex C2 H2 backbone kept as policy assumption (moved from base 2026-07-30),2026-07-30,Julian Bornemann <jb@wip.tu-berlin.de>
PL,DE,H2,2032,157.68,,PJ,interpolated; NECPEssentials scenario overlay: TYNDP 2022 Annex C2 H2 backbone kept as policy assumption (moved from base 2026-07-30),2026-07-30,Julian Bornemann <jb@wip.tu-berlin.de>
PL,DE,H2,2033,105.12,,PJ,interpolated; NECPEssentials scenario overlay: TYNDP 2022 Annex C2 H2 backbone kept as policy assumption (moved from base 2026-07-30),2026-07-30,Julian Bornemann <jb@wip.tu-berlin.de>
PL,DE,H2,2034,52.56,,PJ,interpolated; NECPEssentials scenario overlay: TYNDP 2022 Annex C2 H2 backbone kept as policy assumption (moved from base 2026-07-30),2026-07-30,Julian Bornemann <jb@wip.tu-berlin.de>
PL,LT,H2,2031,105.12,,PJ,interpolated; NECPEssentials scenario overlay: TYNDP 2022 Annex C2 H2 backbone kept as policy assumption (moved from base 2026-07-30),2026-07-30,Julian Bornemann <jb@wip.tu-berlin.de>
PL,LT,H2,2032,78.84,,PJ,interpolated; NECPEssentials scenario overlay: TYNDP 2022 Annex C2 H2 backbone kept as policy assumption (moved from base 2026-07-30),2026-07-30,Julian Bornemann <jb@wip.tu-berlin.de>
PL,LT,H2,2033,52.56,,PJ,interpolated; NECPEssentials scenario overlay: TYNDP 2022 Annex C2 H2 backbone kept as policy assumption (moved from base 2026-07-30),2026-07-30,Julian Bornemann <jb@wip.tu-berlin.de>
PL,LT,H2,2034,26.28,,PJ,interpolated; NECPEssentials scenario overlay: TYNDP 2022 Annex C2 H2 backbone kept as policy assumption (moved from base 2026-07-30),2026-07-30,Julian Bornemann <jb@wip.tu-berlin.de>
PT,ES,H2,2031,85.1472,,PJ,interpolated; NECPEssentials scenario overlay: TYNDP 2022 Annex C2 H2 backbone kept as policy assumption (moved from base 2026-07-30),2026-07-30,Julian Bornemann <jb@wip.tu-berlin.de>
PT,ES,H2,2032,63.8604,,PJ,interpolated; NECPEssentials scenario overlay: TYNDP 2022 Annex C2 H2 backbone kept as policy assumption (moved from base 2026-07-30),2026-07-30,Julian Bornemann <jb@wip.tu-berlin.de>
PT,ES,H2,2033,42.5736,,PJ,interpolated; NECPEssentials scenario overlay: TYNDP 2022 Annex C2 H2 backbone kept as policy assumption (moved from base 2026-07-30),2026-07-30,Julian Bornemann <jb@wip.tu-berlin.de>
PT,ES,H2,2034,21.2868,,PJ,interpolated; NECPEssentials scenario overlay: TYNDP 2022 Annex C2 H2 backbone kept as policy assumption (moved from base 2026-07-30),2026-07-30,Julian Bornemann <jb@wip.tu-berlin.de>
RO,BG,H2,2031,30.858,,PJ,interpolated; NECPEssentials scenario overlay: TYNDP 2022 Annex C2 H2 backbone kept as policy assumption (moved from base 2026-07-30),2026-07-30,Julian Bornemann <jb@wip.tu-berlin.de>
RO,BG,H2,2032,38.4187,,PJ,interpolated; NECPEssentials scenario overlay: TYNDP 2022 Annex C2 H2 backbone kept as policy assumption (moved from base 2026-07-30),2026-07-30,Julian Bornemann <jb@wip.tu-berlin.de>
RO,BG,H2,2033,45.9795,,PJ,interpolated; NECPEssentials scenario overlay: TYNDP 2022 Annex C2 H2 backbone kept as policy assumption (moved from base 2026-07-30),2026-07-30,Julian Bornemann <jb@wip.tu-berlin.de>
RO,BG,H2,2034,53.5402,,PJ,interpolated; NECPEssentials scenario overlay: TYNDP 2022 Annex C2 H2 backbone kept as policy assumption (moved from base 2026-07-30),2026-07-30,Julian Bornemann <jb@wip.tu-berlin.de>
RO,BG,H2,2036,61.101,,PJ,interpolated; NECPEssentials scenario overlay: TYNDP 2022 Annex C2 H2 backbone kept as policy assumption (moved from base 2026-07-30),2026-07-30,Julian Bornemann <jb@wip.tu-berlin.de>
RO,BG,H2,2037,61.101,,PJ,interpolated; NECPEssentials scenario overlay: TYNDP 2022 Annex C2 H2 backbone kept as policy assumption (moved from base 2026-07-30),2026-07-30,Julian Bornemann <jb@wip.tu-berlin.de>
RO,BG,H2,2038,61.101,,PJ,interpolated; NECPEssentials scenario overlay: TYNDP 2022 Annex C2 H2 backbone kept as policy assumption (moved from base 2026-07-30),2026-07-30,Julian Bornemann <jb@wip.tu-berlin.de>
RO,BG,H2,2039,61.101,,PJ,interpolated; NECPEssentials scenario overlay: TYNDP 2022 Annex C2 H2 backbone kept as policy assumption (moved from base 2026-07-30),2026-07-30,Julian Bornemann <jb@wip.tu-berlin.de>
RO,HU,H2,2031,90.8237,,PJ,interpolated; NECPEssentials scenario overlay: TYNDP 2022 Annex C2 H2 backbone kept as policy assumption (moved from base 2026-07-30),2026-07-30,Julian Bornemann <jb@wip.tu-berlin.de>
RO,HU,H2,2032,80.7322,,PJ,interpolated; NECPEssentials scenario overlay: TYNDP 2022 Annex C2 H2 backbone kept as policy assumption (moved from base 2026-07-30),2026-07-30,Julian Bornemann <jb@wip.tu-berlin.de>
RO,HU,H2,2033,70.6406,,PJ,interpolated; NECPEssentials scenario overlay: TYNDP 2022 Annex C2 H2 backbone kept as policy assumption (moved from base 2026-07-30),2026-07-30,Julian Bornemann <jb@wip.tu-berlin.de>
RO,HU,H2,2034,60.5491,,PJ,interpolated; NECPEssentials scenario overlay: TYNDP 2022 Annex C2 H2 backbone kept as policy assumption (moved from base 2026-07-30),2026-07-30,Julian Bornemann <jb@wip.tu-berlin.de>
RO,HU,H2,2036,50.4576,,PJ,interpolated; NECPEssentials scenario overlay: TYNDP 2022 Annex C2 H2 backbone kept as policy assumption (moved from base 2026-07-30),2026-07-30,Julian Bornemann <jb@wip.tu-berlin.de>
RO,HU,H2,2037,50.4576,,PJ,interpolated; NECPEssentials scenario overlay: TYNDP 2022 Annex C2 H2 backbone kept as policy assumption (moved from base 2026-07-30),2026-07-30,Julian Bornemann <jb@wip.tu-berlin.de>
RO,HU,H2,2038,50.4576,,PJ,interpolated; NECPEssentials scenario overlay: TYNDP 2022 Annex C2 H2 backbone kept as policy assumption (moved from base 2026-07-30),2026-07-30,Julian Bornemann <jb@wip.tu-berlin.de>
RO,HU,H2,2039,50.4576,,PJ,interpolated; NECPEssentials scenario overlay: TYNDP 2022 Annex C2 H2 backbone kept as policy assumption (moved from base 2026-07-30),2026-07-30,Julian Bornemann <jb@wip.tu-berlin.de>
SE,FI,H2,2031,700.099,,PJ,interpolated; NECPEssentials scenario overlay: TYNDP 2022 Annex C2 H2 backbone kept as policy assumption (moved from base 2026-07-30),2026-07-30,Julian Bornemann <jb@wip.tu-berlin.de>
SE,FI,H2,2032,525.074,,PJ,interpolated; NECPEssentials scenario overlay: TYNDP 2022 Annex C2 H2 backbone kept as policy assumption (moved from base 2026-07-30),2026-07-30,Julian Bornemann <jb@wip.tu-berlin.de>
SE,FI,H2,2033,350.05,,PJ,interpolated; NECPEssentials scenario overlay: TYNDP 2022 Annex C2 H2 backbone kept as policy assumption (moved from base 2026-07-30),2026-07-30,Julian Bornemann <jb@wip.tu-berlin.de>
SE,FI,H2,2034,175.025,,PJ,interpolated; NECPEssentials scenario overlay: TYNDP 2022 Annex C2 H2 backbone kept as policy assumption (moved from base 2026-07-30),2026-07-30,Julian Bornemann <jb@wip.tu-berlin.de>
SI,AT,H2,2031,2.1024,,PJ,interpolated; NECPEssentials scenario overlay: TYNDP 2022 Annex C2 H2 backbone kept as policy assumption (moved from base 2026-07-30),2026-07-30,Julian Bornemann <jb@wip.tu-berlin.de>
SI,AT,H2,2032,4.2048,,PJ,interpolated; NECPEssentials scenario overlay: TYNDP 2022 Annex C2 H2 backbone kept as policy assumption (moved from base 2026-07-30),2026-07-30,Julian Bornemann <jb@wip.tu-berlin.de>
SI,AT,H2,2033,6.3072,,PJ,interpolated; NECPEssentials scenario overlay: TYNDP 2022 Annex C2 H2 backbone kept as policy assumption (moved from base 2026-07-30),2026-07-30,Julian Bornemann <jb@wip.tu-berlin.de>
SI,AT,H2,2034,8.4096,,PJ,interpolated; NECPEssentials scenario overlay: TYNDP 2022 Annex C2 H2 backbone kept as policy assumption (moved from base 2026-07-30),2026-07-30,Julian Bornemann <jb@wip.tu-berlin.de>
SI,AT,H2,2036,10.512,,PJ,interpolated; NECPEssentials scenario overlay: TYNDP 2022 Annex C2 H2 backbone kept as policy assumption (moved from base 2026-07-30),2026-07-30,Julian Bornemann <jb@wip.tu-berlin.de>
SI,AT,H2,2037,10.512,,PJ,interpolated; NECPEssentials scenario overlay: TYNDP 2022 Annex C2 H2 backbone kept as policy assumption (moved from base 2026-07-30),2026-07-30,Julian Bornemann <jb@wip.tu-berlin.de>
SI,AT,H2,2038,10.512,,PJ,interpolated; NECPEssentials scenario overlay: TYNDP 2022 Annex C2 H2 backbone kept as policy assumption (moved from base 2026-07-30),2026-07-30,Julian Bornemann <jb@wip.tu-berlin.de>
SI,AT,H2,2039,10.512,,PJ,interpolated; NECPEssentials scenario overlay: TYNDP 2022 Annex C2 H2 backbone kept as policy assumption (moved from base 2026-07-30),2026-07-30,Julian Bornemann <jb@wip.tu-berlin.de>
SI,HR,H2,2031,4.3362,,PJ,interpolated; NECPEssentials scenario overlay: TYNDP 2022 Annex C2 H2 backbone kept as policy assumption (moved from base 2026-07-30),2026-07-30,Julian Bornemann <jb@wip.tu-berlin.de>
SI,HR,H2,2032,8.6724,,PJ,interpolated; NECPEssentials scenario overlay: TYNDP 2022 Annex C2 H2 backbone kept as policy assumption (moved from base 2026-07-30),2026-07-30,Julian Bornemann <jb@wip.tu-berlin.de>
SI,HR,H2,2033,13.0086,,PJ,interpolated; NECPEssentials scenario overlay: TYNDP 2022 Annex C2 H2 backbone kept as policy assumption (moved from base 2026-07-30),2026-07-30,Julian Bornemann <jb@wip.tu-berlin.de>
SI,HR,H2,2034,17.3448,,PJ,interpolated; NECPEssentials scenario overlay: TYNDP 2022 Annex C2 H2 backbone kept as policy assumption (moved from base 2026-07-30),2026-07-30,Julian Bornemann <jb@wip.tu-berlin.de>
SI,HR,H2,2036,21.681,,PJ,interpolated; NECPEssentials scenario overlay: TYNDP 2022 Annex C2 H2 backbone kept as policy assumption (moved from base 2026-07-30),2026-07-30,Julian Bornemann <jb@wip.tu-berlin.de>
SI,HR,H2,2037,21.681,,PJ,interpolated; NECPEssentials scenario overlay: TYNDP 2022 Annex C2 H2 backbone kept as policy assumption (moved from base 2026-07-30),2026-07-30,Julian Bornemann <jb@wip.tu-berlin.de>
SI,HR,H2,2038,21.681,,PJ,interpolated; NECPEssentials scenario overlay: TYNDP 2022 Annex C2 H2 backbone kept as policy assumption (moved from base 2026-07-30),2026-07-30,Julian Bornemann <jb@wip.tu-berlin.de>
SI,HR,H2,2039,21.681,,PJ,interpolated; NECPEssentials scenario overlay: TYNDP 2022 Annex C2 H2 backbone kept as policy assumption (moved from base 2026-07-30),2026-07-30,Julian Bornemann <jb@wip.tu-berlin.de>
SI,HU,H2,2031,2.57544,,PJ,interpolated; NECPEssentials scenario overlay: TYNDP 2022 Annex C2 H2 backbone kept as policy assumption (moved from base 2026-07-30),2026-07-30,Julian Bornemann <jb@wip.tu-berlin.de>
SI,HU,H2,2032,5.15088,,PJ,interpolated; NECPEssentials scenario overlay: TYNDP 2022 Annex C2 H2 backbone kept as policy assumption (moved from base 2026-07-30),2026-07-30,Julian Bornemann <jb@wip.tu-berlin.de>
SI,HU,H2,2033,7.72632,,PJ,interpolated; NECPEssentials scenario overlay: TYNDP 2022 Annex C2 H2 backbone kept as policy assumption (moved from base 2026-07-30),2026-07-30,Julian Bornemann <jb@wip.tu-berlin.de>
SI,HU,H2,2034,10.3018,,PJ,interpolated; NECPEssentials scenario overlay: TYNDP 2022 Annex C2 H2 backbone kept as policy assumption (moved from base 2026-07-30),2026-07-30,Julian Bornemann <jb@wip.tu-berlin.de>
SI,HU,H2,2036,12.8772,,PJ,interpolated; NECPEssentials scenario overlay: TYNDP 2022 Annex C2 H2 backbone kept as policy assumption (moved from base 2026-07-30),2026-07-30,Julian Bornemann <jb@wip.tu-berlin.de>
SI,HU,H2,2037,12.8772,,PJ,interpolated; NECPEssentials scenario overlay: TYNDP 2022 Annex C2 H2 backbone kept as policy assumption (moved from base 2026-07-30),2026-07-30,Julian Bornemann <jb@wip.tu-berlin.de>
SI,HU,H2,2038,12.8772,,PJ,interpolated; NECPEssentials scenario overlay: TYNDP 2022 Annex C2 H2 backbone kept as policy assumption (moved from base 2026-07-30),2026-07-30,Julian Bornemann <jb@wip.tu-berlin.de>
SI,HU,H2,2039,12.8772,,PJ,interpolated; NECPEssentials scenario overlay: TYNDP 2022 Annex C2 H2 backbone kept as policy assumption (moved from base 2026-07-30),2026-07-30,Julian Bornemann <jb@wip.tu-berlin.de>
SI,IT,H2,2031,2.57544,,PJ,interpolated; NECPEssentials scenario overlay: TYNDP 2022 Annex C2 H2 backbone kept as policy assumption (moved from base 2026-07-30),2026-07-30,Julian Bornemann <jb@wip.tu-berlin.de>
SI,IT,H2,2032,5.15088,,PJ,interpolated; NECPEssentials scenario overlay: TYNDP 2022 Annex C2 H2 backbone kept as policy assumption (moved from base 2026-07-30),2026-07-30,Julian Bornemann <jb@wip.tu-berlin.de>
SI,IT,H2,2033,7.72632,,PJ,interpolated; NECPEssentials scenario overlay: TYNDP 2022 Annex C2 H2 backbone kept as policy assumption (moved from base 2026-07-30),2026-07-30,Julian Bornemann <jb@wip.tu-berlin.de>
SI,IT,H2,2034,10.3018,,PJ,interpolated; NECPEssentials scenario overlay: TYNDP 2022 Annex C2 H2 backbone kept as policy assumption (moved from base 2026-07-30),2026-07-30,Julian Bornemann <jb@wip.tu-berlin.de>
SI,IT,H2,2036,12.8772,,PJ,interpolated; NECPEssentials scenario overlay: TYNDP 2022 Annex C2 H2 backbone kept as policy assumption (moved from base 2026-07-30),2026-07-30,Julian Bornemann <jb@wip.tu-berlin.de>
SI,IT,H2,2037,12.8772,,PJ,interpolated; NECPEssentials scenario overlay: TYNDP 2022 Annex C2 H2 backbone kept as policy assumption (moved from base 2026-07-30),2026-07-30,Julian Bornemann <jb@wip.tu-berlin.de>
SI,IT,H2,2038,12.8772,,PJ,interpolated; NECPEssentials scenario overlay: TYNDP 2022 Annex C2 H2 backbone kept as policy assumption (moved from base 2026-07-30),2026-07-30,Julian Bornemann <jb@wip.tu-berlin.de>
SI,IT,H2,2039,12.8772,,PJ,interpolated; NECPEssentials scenario overlay: TYNDP 2022 Annex C2 H2 backbone kept as policy assumption (moved from base 2026-07-30),2026-07-30,Julian Bornemann <jb@wip.tu-berlin.de>
SK,AT,H2,2031,151.373,,PJ,interpolated; NECPEssentials scenario overlay: TYNDP 2022 Annex C2 H2 backbone kept as policy assumption (moved from base 2026-07-30),2026-07-30,Julian Bornemann <jb@wip.tu-berlin.de>
SK,AT,H2,2032,113.53,,PJ,interpolated; NECPEssentials scenario overlay: TYNDP 2022 Annex C2 H2 backbone kept as policy assumption (moved from base 2026-07-30),2026-07-30,Julian Bornemann <jb@wip.tu-berlin.de>
SK,AT,H2,2033,75.6864,,PJ,interpolated; NECPEssentials scenario overlay: TYNDP 2022 Annex C2 H2 backbone kept as policy assumption (moved from base 2026-07-30),2026-07-30,Julian Bornemann <jb@wip.tu-berlin.de>
SK,AT,H2,2034,37.8432,,PJ,interpolated; NECPEssentials scenario overlay: TYNDP 2022 Annex C2 H2 backbone kept as policy assumption (moved from base 2026-07-30),2026-07-30,Julian Bornemann <jb@wip.tu-berlin.de>
SK,CZ,H2,2031,151.373,,PJ,interpolated; NECPEssentials scenario overlay: TYNDP 2022 Annex C2 H2 backbone kept as policy assumption (moved from base 2026-07-30),2026-07-30,Julian Bornemann <jb@wip.tu-berlin.de>
SK,CZ,H2,2032,113.53,,PJ,interpolated; NECPEssentials scenario overlay: TYNDP 2022 Annex C2 H2 backbone kept as policy assumption (moved from base 2026-07-30),2026-07-30,Julian Bornemann <jb@wip.tu-berlin.de>
SK,CZ,H2,2033,75.6864,,PJ,interpolated; NECPEssentials scenario overlay: TYNDP 2022 Annex C2 H2 backbone kept as policy assumption (moved from base 2026-07-30),2026-07-30,Julian Bornemann <jb@wip.tu-berlin.de>
SK,CZ,H2,2034,37.8432,,PJ,interpolated; NECPEssentials scenario overlay: TYNDP 2022 Annex C2 H2 backbone kept as policy assumption (moved from base 2026-07-30),2026-07-30,Julian Bornemann <jb@wip.tu-berlin.de>
SK,HU,H2,2031,118.26,,PJ,interpolated; NECPEssentials scenario overlay: TYNDP 2022 Annex C2 H2 backbone kept as policy assumption (moved from base 2026-07-30),2026-07-30,Julian Bornemann <jb@wip.tu-berlin.de>
SK,HU,H2,2032,105.12,,PJ,interpolated; NECPEssentials scenario overlay: TYNDP 2022 Annex C2 H2 backbone kept as policy assumption (moved from base 2026-07-30),2026-07-30,Julian Bornemann <jb@wip.tu-berlin.de>
SK,HU,H2,2033,91.98,,PJ,interpolated; NECPEssentials scenario overlay: TYNDP 2022 Annex C2 H2 backbone kept as policy assumption (moved from base 2026-07-30),2026-07-30,Julian Bornemann <jb@wip.tu-berlin.de>
SK,HU,H2,2034,78.84,,PJ,interpolated; NECPEssentials scenario overlay: TYNDP 2022 Annex C2 H2 backbone kept as policy assumption (moved from base 2026-07-30),2026-07-30,Julian Bornemann <jb@wip.tu-berlin.de>
SK,HU,H2,2036,65.7,,PJ,interpolated; NECPEssentials scenario overlay: TYNDP 2022 Annex C2 H2 backbone kept as policy assumption (moved from base 2026-07-30),2026-07-30,Julian Bornemann <jb@wip.tu-berlin.de>
SK,HU,H2,2037,65.7,,PJ,interpolated; NECPEssentials scenario overlay: TYNDP 2022 Annex C2 H2 backbone kept as policy assumption (moved from base 2026-07-30),2026-07-30,Julian Bornemann <jb@wip.tu-berlin.de>
SK,HU,H2,2038,65.7,,PJ,interpolated; NECPEssentials scenario overlay: TYNDP 2022 Annex C2 H2 backbone kept as policy assumption (moved from base 2026-07-30),2026-07-30,Julian Bornemann <jb@wip.tu-berlin.de>
SK,HU,H2,2039,65.7,,PJ,interpolated; NECPEssentials scenario overlay: TYNDP 2022 Annex C2 H2 backbone kept as policy assumption (moved from base 2026-07-30),2026-07-30,Julian Bornemann <jb@wip.tu-berlin.de>
